please enter the dates in mm/dd format,fall start,fall end,spring start,spring end
GROUP 5,,,,
Trocaire College,8/10/2015,12/31/2015,1/3/2016,5/9/2016
Troy University-Dothan,7/26/2015,12/25/2015,1/1/2016,5/25/2016
Truett-Mcconnell College,8/6/2015,12/15/2015,1/11/2016,5/14/2016
Trumbull Business College,8/15/2015,12/13/2015,1/11/2016,5/8/2016
Tulane University Of Louisiana,8/24/2015,12/15/2015,1/11/2016,5/14/2015
Tulsa Community College-West,3/30/2015,12/13/2015,1/11/2016,5/8/2016
Turtle Mountain Community College,8/19/2015,12/21/2015,1/15/2016,5/9/2016
Tusculum College,8/19/2015,12/11/2015,,
Taft College,8/24/2015,12/18/2015,1/19/2016,5/19/2016
Tallahassee Community College,7/1/2015,12/15/2015,1/6/2016,4/29/2015
Tarleton State University,8/15/2015,12/14/2015,12/15/2015,5/6/2016
Tarrant County College Dist,,,,
Taylor University,8/31/2015,12/17/2015,,
Teachers College,9/2/2015,12/21/2015,1/20/2016,5/10/2016
Temple University,8/1/2015,12/18/2015,1/11/2016,5/6/2016
Tennessee State University,8/13/2015,1/3/2016,1/4/2016,5/10/2016
Tennessee Technological University,8/24/2015,12/14/2015,12/24/2015,5/9/2016
Tennessee Wesleyan College,8/12/2015,12/11/2015,1/8/2016,5/5/2016
Texarkana College,8/24/2015,12/16/2015,1/1/2016,5/30/2016
Texas A & M University,8/19/2015,1/1/2016,1/6/2016,5/16/2016
Texas A&M International University,8/17/2015,1/11/2016,1/14/2016,6/3/2016
Texas A&M University - Commerce,8/17/2015,1/11/2016,1/14/2016,6/3/2016
Texas A&M University - Corpus Christi,8/17/2015,12/14/2015,1/18/2016,5/20/2016
Texas A&M University - Kingsville,8/1/2015,12/14/2015,1/19/2016,5/16/2016
Texas Christian University,6/1/2015,12/19/2015,1/8/2016,5/7/2016
Texas Lutheran University,8/20/2015,12/21/2015,1/7/2016,5/9/2016
Texas Southern University,8/3/2015,12/12/2015,1/8/2016,5/14/2016
Texas State University - San Marcos,8/6/2015,12/19/2015,1/4/2016,5/17/2016
Texas Tech University,8/19/2015,12/12/2015,1/19/2016,5/21/2016
Texas Wesleyan University,8/14/2015,12/12/2015,1/13/2016,5/14/2016
Texas Woman'S University,8/14/2015,1/1/2016,1/18/2016,5/14/2016
The Citadel,8/24/2015,12/18/2015,1/11/2016,5/7/2016
The College Of New Jersey,8/24/2015,12/15/2015,1/25/2016,5/20/2016
The Ohio State University,8/18/2015,12/25/2015,1/1/2016,5/10/2016
The University Of Findlay,8/11/2015,12/16/2015,1/3/2016,6/5/2016
The University Of Montana,8/31/2015,12/18/2015,,
The University Of The Arts,8/24/2015,1/3/2016,1/4/2016,5/9/2016
Thiel College,8/17/2015,12/17/2015,1/5/2016,5/26/2016
Thomas College,8/27/2015,12/28/2015,1/4/2016,5/30/2016
Thomas Jefferson University,9/8/2015,12/31/2015,1/4/2016,6/17/2016
Thomas Jefferson University,9/8/2015,12/31/2015,1/4/2016,6/17/2016
Thomas More College,8/15/2015,12/17/2015,1/9/2016,5/14/2016
Thomas Nelson Community College,8/19/2015,12/15/2015,1/11/2016,5/9/2016
Tidewater Community College-Norfolk,8/24/2015,1/1/2016,1/11/2016,5/14/2016
Tiffin University,8/21/2015,12/15/2015,1/11/2016,5/3/2016
Towson University,8/26/2015,12/18/2015,1/25/2016,5/17/2016
Transylvania University,9/8/2015,12/18/2015,1/10/2016,5/30/2016
Trevecca Nazarene University,9/1/2015,12/17/2015,1/13/2016,5/4/2016
Tri-County Technical College,8/17/2015,12/7/2015,1/11/2016,5/10/2016
Tri-State University,8/24/2015,12/23/2015,1/11/2016,5/10/2016
Trident Technical College,8/21/2015,12/13/2015,,
Trinity College,9/3/2015,12/22/2015,1/18/2016,5/22/2016
Trinity College,9/3/2015,12/22/2015,1/18/2016,5/22/2016
Trinity University,8/17/2015,12/21/2015,1/6/2016,5/16/2016
Trinity Valley Community College,9/28/2015,1/1/2016,3/1/2016,6/10/2016
Triton College,8/24/2015,12/23/2015,1/19/2016,5/20/2016
Troy University - Montgomery,8/10/2015,12/25/2015,1/1/2016,6/10/2016
Troy University - Troy,8/10/2015,12/25/2015,1/1/2016,6/10/2016
Truckee Meadows Community College,8/17/2015,12/18/2015,,
Truman State University,8/15/2015,12/12/2015,1/11/2016,5/7/2016
Tufts University,7/1/2015,12/22/2015,1/4/2016,7/23/2016
Tulane University,8/24/2015,12/15/2015,1/11/2016,5/14/2016
Tunxis Community College,8/5/2015,12/18/2015,1/6/2016,6/1/2016
Tuskegee University,8/11/2015,12/17/2015,1/4/2016,5/7/2016
Tyler Junior College,8/24/2015,1/1/2016,1/19/2016,5/13/2016
Uc Merced,8/19/2015,12/22/2015,1/12/2016,5/17/2016
Uc Santa Cruz,9/19/2015,12/10/2015,3/28/2016,6/9/2016
Umpqua Community College,9/28/2015,1/1/2016,2/22/2015,6/10/2015
Unc Chapel Hill,8/16/2015,12/14/2015,1/4/2015,5/10/2015
Unc Charlotte,8/15/2015,12/23/2015,1/6/2016,5/19/2016
Unc Greensboro,8/7/2015,12/10/2015,1/5/2015,5/8/2015
Unc Wilmington,8/10/2015,12/11/2015,1/4/2016,5/5/2016
Union College,9/9/2015,11/25/2015,3/28/2016,6/9/2016
Union College,9/9/2015,11/25/2015,3/28/2016,6/9/2016
Union Institute & University,8/14/2015,12/12/2015,2/1/2016,5/21/2016
United States Merchant Marine Academy,,,,
Unity College In Maine,8/29/2015,12/21/2015,1/19/2016,5/16/2016
University Of Advancing Technology,9/8/2015,12/18/2015,1/11/2016,4/29/2016
University Of Akron Wayne College,8/31/2015,12/13/2015,1/19/2016,5/8/2016
University Of Alaska Southeast,8/1/2015,12/24/2015,1/4/2016,5/4/2016
University Of Alaska Statewide Sys,8/1/2015,12/24/2015,1/4/2016,5/4/2016
University Of Arkansas At Monticello,8/19/2015,12/4/2015,1/4/2016,5/25/2016
University Of Arkansas At Pine Bluff,8/12/2015,1/4/2016,1/4/2016,5/25/2016
University Of Arkansas Community College-Batesville,8/12/2015,1/4/2016,1/4/2016,5/25/2016
University Of Arkansas Community College-Hope,8/17/2015,12/18/2015,1/4/2016,5/10/2016
University Of Arkansas Community College-Morrilton,8/17/2015,12/18/2015,1/4/2016,5/10/2016
University Of Arkansas For Medical Sciences,8/17/2015,12/18/2015,1/4/2016,5/10/2016
University Of Arkansas-Fort Smith,8/17/2015,12/16/2015,1/19/2016,5/19/2016
University Of Cincinnati-Raymond Walters College,8/31/2015,12/23/2015,1/19/2016,5/10/2016
University Of Colorado Hlth Sci Ctr,8/18/2015,12/13/2016,1/8/2016,5/8/2016
University Of Connecticut-Avery Point,8/31/2015,12/23/2015,1/19/2016,5/10/2016
University Of Connecticut-Stamford,8/31/2015,12/23/2015,1/19/2016,5/10/2016
University Of Connecticut-Tri-Campus,8/31/2015,12/23/2015,1/19/2016,5/10/2016
University Of Great Falls,8/24/2015,12/17/2015,1/11/2016,5/12/2016
University Of Hawaii At Hilo,8/21/2015,12/21/2015,1/7/2016,5/16/2016
University Of Hawaii-West Oahu,8/24/2015,12/16/2015,1/11/2016,5/11/2016
University Of Illinois University Admin,8/24/2015,12/11/2015,1/19/2016,5/15/2016
University Of Kansas Medical Center,8/24/2015,12/29/2015,1/19/2016,5/16/2016
University Of Louisiana-Monroe,8/24/2015,12/12/2015,1/4/2016,5/14/2016
University Of Maine At Augusta,8/31/2015,12/19/2015,1/19/2016,5/14/2016
,,,,
University Of Maine At Fort Kent,8/31/2015,12/19/2015,1/19/2016,5/14/2016
University Of Maine At Machias,8/31/2015,12/19/2015,1/19/2016,5/14/2016
University Of Maine At Presque Isle,8/31/2015,12/19/2015,1/19/2016,5/14/2016
University Of Minnesota-Crookston,8/25/2015,12/17/2015,1/11/2016,5/6/2016
university of minnesota morris ,8/26/2015,12/11/2015,1/18/2016,5/12/2016
University Of Miss Medical Center,8/10/2015,12/19/2015,1/11/2016,5/6/2016
University Of Mobile,8/18/2015,12/12/2015,1/11/2016,5/7/2016
University Of Montana-Helena College Of Technology,8/24/2015,12/11/2015,1/11/2016,5/4/2016
University Of Nebraska Med Center,8/19/2015,12/18/2015,1/11/2016,6/30/2016
University Of New Hampshire At Manchester,8/24/2015,12/18/2015,1/11/2016,6/26/2016
University Of New Mexico-Gallup Campus,8/7/2015,12/23/2015,,
University Of New Mexico-Los Alamos Campus,8/17/2015,12/12/2015,1/18/2016,5/14/2016
University Of New Mexico-Main Campus,8/17/2015,12/12/2015,1/18/2016,5/14/2016
University Of New Mexico-Taos Branch,8/17/2015,12/12/2015,,
University Of North Carolina At Asheville,8/15/2015,12/2/2015,1/8/2016,5/8/2016
University Of North Carolina At Pembroke,8/19/2015,12/3/2015,1/11/2016,5/7/2016
University Of Northern Virginia,8/19/2015,12/20/2015,1/11/2016,5/16/2016
University Of Oklahoma Health Sciences Center,8/24/2015,12/18/2015,1/19/2016,5/13/2016
University Of Oklahoma Norman Campus,8/24/2015,12/22/2015,1/19/2016,5/17/2016
University Of Pittsburgh-Bradford,8/28/2015,12/18/2015,1/5/2016,4/29/2016
University Of Pittsburgh-Johnstown,8/31/2015,12/19/2015,1/6/2016,4/30/2016
University Of Rochester,8/31/2015,12/11/2015,1/13/2016,4/27/2016
University Of Saint Mary,8/19/2015,12/10/2015,1/18/2016,5/5/2016
University Of South Carolina-Beaufort,8/20/2015,12/14/2015,1/11/2016,5/7/2016
University Of South Carolina-Lancaster,8/20/2015,12/18/2015,1/11/2016,5/9/2016
University Of South Carolina-Salkehatchie,8/20/2015,12/14/2015,,
University Of South Carolina-Sumter,8/17/2015,12/14/2015,1/11/2016,5/6/2016
University Of South Carolina-Union,8/13/2015,12/15/2015,1/12/2016,5/9/2016
University Of The Ozarks,8/25/2015,12/19/2015,1/19/2016,5/17/2016
University Of Washington-Bothell Campus,8/22/2015,12/27/2015,3/28/2016,6/12/2016
University Of Washington-Tacoma Campus,9/30/2015,12/18/2015,3/28/2016,6/10/2016
University Of Wisconsin Colleges,8/26/2015,12/23/2015,1/12/2016,5/24/2016
University Of Wisconsin System Off,8/24/2015,12/29/2015,1/18/2016,5/22/2016
University Of Wisconsin-Eau Claire,9/2/2015,12/19/2015,1/25/2016,5/21/2016
University Of Wisconsin-La Crosse,9/8/2015,12/30/2015,1/24/2016,5/20/2016
University Of Wisconsin-Platteville,9/2/2015,12/22/2015,1/19/2016,5/30/2016
University Of Wisconsin-River Falls,9/2/2015,12/21/2015,1/25/2016,5/19/2016
University Of Wisconsin-Stevens Point,8/2/2015,12/15/2015,1/25/2016,5/13/2016
University Of Wisconsin-Superior,9/2/2015,12/22/2015,1/19/2016,5/13/2016
University Of Wisconsin-Whitewater,9/2/2015,12/22/2015,1/19/2016,5/13/2016
Union College,9/9/2015,11/25/2015,3/28/2016,6/12/2016
Union University,8/14/2015,12/12/2015,2/1/2016,5/21/2016
United States Naval Academy,8/24/2015,1/2/2016,1/4/2016,5/29/2016
University At Buffalo,8/31/2015,12/22/2015,1/25/2016,5/15/2016
University Of Akron,8/31/2015,12/22/2015,,
University Of Alabama,8/19/2015,1/3/2016,1/13/2016,5/10/2016
University Of Alabama,8/19/2015,1/3/2016,1/13/2016,5/10/2016
University Of Alabama At Birmingham,8/24/2015,12/16/2015,1/11/2016,5/4/2016
University Of Alaska,8/30/2015,12/23/2015,1/4/2016,5/11/2016
University Of Alaska - Anchorage,8/24/2015,12/13/2015,1/11/2016,5/1/2016
University Of Arizona,8/24/2015,12/18/2015,1/13/2016,5/13/2016
University Of Arkansas - Little Rock,8/24/2015,12/19/2015,,
University Of Arkansas-Fayetteville,8/24/2015,12/19/2015,,
University Of Baltimore,8/7/2015,1/6/2016,,
University Of Bridgeport,8/17/2015,12/21/2015,1/11/2016,5/23/2016
University Of California,9/20/2015,12/11/2015,3/28/2016,6/10/2016
University Of California,9/20/2015,12/11/2015,3/28/2016,6/10/2016
University Of California,9/20/2015,12/11/2015,3/28/2016,6/10/2016
University Of California - San Francisco,8/25/2015,12/9/2015,1/25/2016,5/12/2016
"University Of California, Berkeley",8/19/2015,12/18/2015,1/12/2016,5/13/2016
University Of California-Irvine,9/21/2015,12/11/2015,3/23/2016,6/10/2016
University Of California-Riverside,9/21/2015,12/11/2015,3/23/2016,6/10/2016
University Of California-San Diego,9/21/2015,12/12/2015,3/24/2016,6/10/2016
University Of Central Arkansas,8/20/2015,12/14/2015,1/7/2016,5/3/2016
University Of Central Florida,9/7/2015,12/8/2015,1/11/2016,5/7/2016
University Of Central Missouri,8/17/2015,12/12/2015,1/11/2016,5/7/2016
University Of Central Oklahoma,8/17/2015,12/11/2015,,
University Of Charleston,8/24/2015,12/10/2015,1/11/2016,5/7/2016
University Of Cincinnati,8/24/2015,12/12/2015,1/11/2016,4/28/2016
University Of Colorado,8/18/2015,12/13/2016,1/8/2016,5/8/2016
University Of Colorado Colorado Springs,8/18/2015,12/13/2016,1/8/2016,5/8/2016
University Of Colorado Denver,8/17/2015,12/12/2015,1/18/2016,5/14/2016
University Of Connecticut,8/29/2015,12/9/2015,1/19/2016,4/29/2016
University Of Dallas,8/26/2015,12/18/2015,1/15/2016,5/17/2016
University Of Dayton,8/3/2015,12/11/2015,1/15/2016,6/13/2016
University Of Delaware,8/31/2015,12/23/2015,2/8/2016,5/31/2016
University Of Denver,9/14/2015,11/19/2015,3/21/2016,6/4/2016
University Of Detroit Mercy,8/13/2015,12/24/2015,1/9/2016,5/27/2016
University Of District Of Columbia,8/24/2015,12/21/2015,1/11/2016,5/11/2016
University Of Dubuque,8/27/2015,12/21/2015,1/25/2016,6/1/2016
University Of Evansville,8/26/2015,12/16/2015,1/11/2016,5/7/2016
University Of Florida,8/21/2015,12/18/2015,1/4/2016,4/29/2016
University Of Georgia,8/17/2015,12/18/2015,1/11/2016,5/13/2016
University Of Guam,8/17/2015,12/18/2015,1/19/2016,5/22/2016
University Of Hartford,9/1/2015,12/22/2015,1/19/2016,5/2/2016
University Of Hawaii,8/24/2015,12/19/2015,1/11/2016,5/14/2016
University Of Houston,8/24/2015,12/18/2015,1/19/2016,5/14/2016
University Of Houston - Clear Lake,8/24/2015,12/12/2015,1/19/2016,5/9/2016
University Of Houston - Downtown,8/24/2015,12/16/2015,1/19/2016,5/12/2016
University Of Houston - Victoria,8/24/2015,12/16/2015,1/19/2016,5/12/2016
University Of Idaho,8/24/2015,12/18/2015,1/13/2016,5/13/2016
University Of Illinois - Springfield,8/24/2015,12/20/2015,1/18/2016,5/18/2016
University Of Illinois-Chicago,8/24/2015,12/13/2015,1/11/2016,5/7/2016
University Of Illinois-Urbana Champ,8/24/2015,12/18/2015,1/18/2016,5/13/2016
University Of Indianapolis,8/31/2015,12/19/2015,1/19/2016,5/27/2016
University Of Iowa,8/24/2015,12/24/2015,1/19/2016,5/18/2016
University Of Kansas,8/24/2015,12/18/2015,1/19/2016,5/15/2016
University Of Kentucky,8/26/2015,12/18/2015,1/13/2016,5/6/2016
University Of La Verne,8/31/2015,12/20/2015,,
University Of Louisiana-Lafayette,8/19/2015,12/18/2015,1/11/2016,5/13/2016
University Of Louisville,8/10/2015,12/25/2015,1/4/2016,5/30/2016
University Of Maine,8/31/2015,12/18/2015,1/19/2016,5/14/2016
University Of Maine,8/31/2015,12/18/2015,1/19/2016,5/14/2016
University Of Mary,8/20/2015,12/21/2015,1/4/2016,5/19/2016
University Of Mary Hardin-Baylor,8/20/2015,12/11/2015,1/11/2016,5/7/2016
University Of Mary Washington,8/20/2015,12/12/2015,1/8/2016,5/8/2016
University Of Maryland,8/31/2015,12/20/2015,1/25/2016,5/19/2016
University Of Maryland Baltimore Cty,8/19/2015,12/17/2015,1/18/2016,5/19/2016
University Of Maryland Eastern Shore,8/31/2015,12/18/2015,1/25/2016,5/20/2016
"University Of Maryland, Baltimore",9/8/2015,12/23/2015,1/25/2016,5/23/2016
University Of Maryland-University College,8/31/2015,12/20/2015,1/25/2016,5/19/2016
University Of Mass - Dartmouth,9/2/2015,12/19/2015,1/25/2016,5/16/2016
University Of Mass At Lowell,9/1/2015,12/5/2015,,
University Of Massachusetts,9/8/2015,12/28/2015,1/19/2016,5/10/2016
University Of Massachusetts,9/8/2015,12/28/2015,1/19/2016,5/10/2016
University Of Memphis,8/24/2015,12/10/2015,1/18/2016,5/5/2016
University Of Miami,8/10/2015,12/23/2015,1/2/2016,5/11/2016
University Of Michigan,9/8/2015,11/11/2015,5/3/2016,8/19/2016
University Of Michigan - Dearborn,9/9/2015,11/11/2015,,
University Of Michigan -Flint,9/8/2015,12/20/2015,5/3/2016,8/19/2016
University Of Minnesota - Duluth,8/24/2015,12/18/2015,1/13/2016,5/30/2016
"University Of Minnesota, Twin Cities",9/7/2015,12/23/2015,1/18/2016,5/14/2016
University Of Mississippi,8/24/2015,12/11/2015,1/25/2015,5/14/2016
University Of Missouri,8/24/2015,12/22/2015,1/18/2016,5/17/2016
University Of Missouri,8/24/2015,12/22/2015,1/18/2016,5/17/2016
University Of Missouri-Kansas City,9/19/2015,12/22/2015,12/29/2016,5/19/2016
University Of Missouri-Rolla,9/11/2015,12/19/2015,1/11/2016,5/14/2016
University Of Montevallo,8/21/2015,12/11/2015,1/4/2016,5/7/2016
University Of Nebraska,8/24/2015,12/19/2015,1/11/2016,5/7/2016
University Of Nebraska At Kearney,8/24/2015,12/22/2015,,
University Of Nebraska At Omaha,8/24/2015,12/18/2015,1/11/2016,5/7/2016
"University Of Nevada, Las Vegas",8/24/2015,12/15/2015,1/18/2016,5/17/2016
University Of Nevada-Reno,8/24/2015,12/21/2015,1/19/2016,5/14/2016
University Of New England,8/26/2015,12/11/2015,1/20/2016,5/21/2016
University Of New Hampshire,8/28/2015,12/19/2015,1/26/2015,5/21/2016
University Of New Haven,8/20/2015,12/21/2015,1/19/2016,5/15/2016
University Of New Mexico,8/17/2015,12/12/2015,1/18/2016,5/14/2016
University Of New Mexico-Valencia,8/17/2015,12/12/2015,1/18/2016,5/14/2016
University Of New Orleans,8/12/2015,12/18/2015,1/4/2016,5/14/2016
University Of North Alabama,8/19/2015,12/12/2015,1/4/2016,5/7/2016
University Of North Dakota,8/24/2015,12/18/2015,1/11/2016,5/13/2016
University Of North Florida,8/24/2015,12/11/2015,1/6/2016,4/29/2016
University Of North Texas,8/24/2015,12/11/2015,1/18/2016,5/13/2016
University Of Northern Colorado,8/18/2015,12/13/2015,1/11/2016,5/8/2016
University Of Northern Iowa,8/21/2015,12/19/2015,1/8/2016,5/7/2016
University Of Northwestern Ohio,8/10/2015,12/23/2015,,
University Of Notre Dame,8/17/2015,12/18/2015,1/10/2016,5/6/2016
University Of Oklahoma,8/24/2015,12/11/2015,1/19/2016,5/6/2016
University Of Oregon,9/28/2015,12/15/2015,3/14/2016,6/14/2016
University Of Phoenix-Phoenix,8/22/2015,12/18/2015,,
University Of Pittsburgh,7/8/2015,12/19/2015,1/6/2016,4/30/2016
University Of Portland,8/31/2015,12/22/2015,1/11/2016,5/3/2016
University Of Puget Sound,8/31/2015,1/4/2015,1/19/2016,5/14/2016
University Of Redlands,9/2/2015,12/23/2015,1/10/2016,4/27/2016
University Of Rhode Island,8/15/2015,12/31/2015,12/31/2015,5/18/2016
University Of Richmond,8/24/2015,12/15/2015,1/11/2016,4/30/2016
University Of Rio Grande,8/24/2015,12/12/2015,,
University Of Saint Francis,8/24/2015,12/19/2015,1/14/2016,5/14/2016
University Of San Diego,8/25/2015,12/22/2015,2/1/2016,5/24/2016
University Of San Francisco,8/20/2015,12/18/2015,1/22/2016,5/26/2016
University Of Sci/Arts Of Oklahoma,8/20/2015,12/8/2015,,
University Of Scranton,8/20/2015,12/15/2015,,
University Of Sioux Falls,8/29/2015,12/16/2015,2/3/2016,5/20/2016
University Of So Maine-Portland,8/28/2015,12/21/2015,1/19/2016,5/14/2016
University Of South Alabama,8/18/2015,12/12/2015,1/11/2016,5/7/2016
University Of South Carolina,8/16/2015,12/12/2015,1/11/2016,5/7/2016
University Of South Carolina - Aiken,8/17/2015,12/16/2015,1/7/2016,5/13/2016
University Of South Carolina - Spartanburg,8/13/2015,12/17/2015,,
University Of South Dakota,8/24/2015,12/21/2015,1/11/2016,5/11/2016
University Of South Florida,8/24/2015,12/18/2015,1/11/2016,5/13/2016
University Of Southern California,8/17/2015,12/16/2015,1/7/2016,5/13/2016
University Of Southern Indiana,8/19/2015,12/16/2015,1/7/2016,5/4/2016
University Of Southern Mississippi,8/19/2015,12/4/2015,1/19/2016,5/6/2016
University Of St Francis,8/24/2015,12/19/2015,1/14/2016,5/14/2016
University Of St Thomas,9/9/2015,12/22/2015,2/1/2016,5/21/2016
University Of Tampa,8/31/2015,12/19/2015,1/19/2016,5/7/2016
University Of Tennessee,8/19/2015,12/11/2015,1/13/2016,5/14/2016
University Of Tennessee,8/19/2015,12/11/2015,1/13/2016,5/14/2016
"University Of Tennessee, Martin",8/24/2015,12/12/2015,1/14/2016,5/7/2016
University Of Texas,8/21/2015,12/19/2015,1/7/2016,5/22/2016
University Of Texas Dallas,8/24/2015,12/18/2015,1/11/2016,5/10/2016
University Of Texas - Brownsvillestc,8/19/2015,12/12/2015,1/13/2016,5/14/2016
University Of Texas - Pan American,8/24/2015,12/16/2015,1/19/2016,5/18/2016
University Of Texas At Austin,8/21/2015,12/19/2015,1/7/2016,5/22/2016
University Of Texas At Tyler,8/17/2015,12/12/2015,1/19/2016,5/7/2016
"University Of Texas, El Paso",8/24/2015,12/21/2015,1/4/2016,5/19/2016
University Of Texas-Arlington,8/27/2015,12/19/2015,1/19/2016,5/10/2016
University Of The Cumberlands,8/26/2015,12/12/2015,1/11/2016,5/7/2016
University Of The Incarnate Word,8/17/2015,12/11/2015,1/11/2016,5/31/2016
University Of The Pacific,8/24/2015,12/11/2015,1/19/2016,5/14/2016
University Of Toledo,8/24/2015,12/18/2015,1/11/2016,5/8/2016
University Of Tulsa,8/24/2015,12/19/2015,1/11/2016,5/7/2016
University Of Utah,8/24/2015,12/10/2015,1/11/2016,4/26/2016
University Of Vermont,8/24/2015,12/18/2015,1/19/2016,5/14/2016
University Of Virginia,8/22/2015,12/30/2015,1/20/2016,5/22/2016
University Of Washington-Seattle,9/30/2015,12/18/2015,3/28/2016,6/10/2016
University Of West Alabama,8/11/2015,12/12/2015,1/7/2016,5/9/2016
University Of West Florida,8/24/2015,12/12/2015,1/5/2016,4/30/2016
University Of West Georgia,8/12/2015,12/12/2015,1/6/2016,5/7/2016
University Of Wisconsin - Green Bay,8/24/2015,12/1/2015,1/13/2016,5/2/2016
University Of Wisconsin - Oshkosh,9/8/2015,12/19/2015,1/29/2016,5/14/2016
University Of Wisconsin - Parkside,8/24/2015,12/29/2015,1/18/2016,5/22/2016
University Of Wisconsin-Madison,8/24/2015,12/29/2015,1/18/2016,5/22/2016
University Of Wisconsin-Milwaukee,8/24/2015,12/19/2015,1/8/2016,5/22/2016
University Of Wisconsin-Stout,8/24/2015,1/7/2016,1/8/2015,5/22/2015
University Of Wyoming,,,,
Upper Iowa University,8/24/2015,10/18/2015,1/4/2016,2/28/2016
Urbana University,8/22/2015,12/13/2015,1/9/2016,5/9/2016
Ursinus College,8/27/2015,12/19/2015,1/17/2016,5/13/2016
Ursuline College,8/17/2015,1/3/2016,1/10/2016,5/15/2016
Us Air Force Academy,8/1/2015,12/18/2015,1/6/2016,4/20/2016
Utah State University,8/31/2015,12/18/2015,1/11/2016,5/7/2016
Utah Valley State College,8/17/2015,12/17/2015,1/4/2016,4/29/2016
Utica College,8/31/2015,12/31/2015,1/18/2016,5/8/2016
Valley Forge Christian College,8/23/2015,11/29/2015,,
Valley Forge Military College,,,,
Valley Medical College,8/30/2015,12/25/2015,1/18/2016,5/30/2016
Vance-Granville Community College,8/22/2015,12/20/2015,1/7/2016,5/15/2016
Vermilion Community College,8/21/2015,12/25/2015,1/9/2016,5/10/2016
Vernon College-Vernon,,,,
Virginia College-Austin,8/31/2015,11/24/2015,1/11/2016,5/1/2016
Virginia College-Birmingham,8/31/2015,11/24/2015,1/11/2016,5/1/2016
Virginia College-Huntsville,8/31/2015,11/24/2015,1/11/2016,5/1/2016
Virginia College-Jackson,8/31/2015,11/24/2015,1/11/2016,5/1/2016
Virginia College-Mobile,8/31/2015,11/24/2015,1/11/2016,5/1/2016
Virginia College-Pensacola,8/31/2015,11/24/2015,1/11/2016,5/1/2016
Virginia Highlands Community College,8/3/2015,,11/2/2015,
Voorhees College,,,,
Valdosta State University,8/17/2015,12/11/2015,1/11/2016,5/6/2016
Valencia Community College - East,8/31/2015,11/24/2015,1/11/2016,5/1/2016
Valencia Community College - West,8/31/2015,11/24/2015,1/11/2016,5/1/2016
Valencia Community College Admin,8/31/2015,11/24/2015,1/11/2016,5/1/2016
Valley City State University,8/24/2015,12/18/2015,1/11/2016,5/13/2016
Valparaiso University,8/22/2015,12/13/2015,1/4/2016,5/14/2016
Vanderbilt University,8/26/2015,12/19/2015,1/11/2016,5/13/2016
Vanguard University Of South California,8/25/2014,12/12/2014,1/12/2015,5/8/2015
Vassar College,8/14/2015,12/19/2015,1/15/2016,6/12/2016
Vaughn College,9/14/2015,12/24/2015,,
Ventura College,8/17/2015,12/17/2015,1/11/2016,5/30/2016
Vermont Technical College,8/21/2015,12/21/2015,1/17/2016,5/26/2016
Victor Valley College,7/13/2015,12/19/2015,,
Victoria College,8/24/2015,12/17/2015,1/19/2016,5/9/2016
Villa Julie College,8/26/2015,12/19/2015,1/23/2016,5/22/2016
Villanova University,8/20/2015,12/10/2015,1/11/2016,7/8/2016
Vincennes University,8/17/2015,12/30/2015,1/2/2016,5/7/2016
Virginia Commonwealth University,8/13/2015,12/30/2015,1/3/2016,5/21/2016
Virginia Military Institute,8/22/2015,12/17/2015,1/12/2016,5/15/2016
Virginia Polytech Institute/St University,8/24/2015,12/18/2015,1/18/2016,5/14/2016
Virginia State University,8/8/2015,12/5/2015,1/4/2016,5/7/2016
Virginia Wesleyan College,8/17/2015,12/17/2015,1/11/2016,5/9/2016
Virginia Western Community College,8/17/2015,12/24/2015,1/4/2016,5/13/2016
Viterbo University,8/25/2015,12/13/2015,1/11/2016,5/13/2016
Volunteer State Community College,8/17/2015,12/11/2015,1/12/2016,6/15/2016
Wabash College,8/22/2015,12/20/2015,1/7/2016,5/15/2016
Waldorf College,8/24/2015,12/11/2015,1/11/2016,5/7/2016
Walla Walla Community College,5/13/2015,12/25/2015,3/30/2016,6/11/2016
Warren Wilson College,8/13/2015,10/17/2015,3/12/2016,6/30/2016
Washington State Community College,8/17/2015,12/11/2015,1/19/2016,5/17/2016
WSU Spokane,8/24/2015,12/22/2015,1/9/2016,5/9/2016
Washington State University Tri-Cities,,,,
Washington State University Vancouver,8/25/2015,12/23/2015,1/12/2016,5/12/2016
Washington County Community College,8/26/2015,12/23/2015,1/16/2016,5/28/2016
Wayne Community College,4/16/2015,8/20/2015,,
Weatherford College,8/3/2015,12/21/2015,1/6/2016,5/14/2016
Webber International University,8/19/2015,12/12/2015,1/6/2016,4/29/2016
Wells College,,,,
Wesley College,Duplicate,,,
Wesleyan College,Duplicate,,,
West Georgia Technical College,Duplicate,,,
West Shore Community College,4/6/2015,12/21/2015,,
West Virginia University Institute of Technology,8/13/2015,12/21/2015,1/7/2016,5/14/2016
West Virginia Northern Community College,8/24/2015,9/7/2015,1/19/2015,3/11/2015
West Virginia University at Parkersburg,8/7/2015,12/21/2015,1/7/2016,5/30/2016
Western Dakota Technical Institute,,,1/5/2015,5/20/2015
Western Nebraska Community College,8/17/2015,12/14/2015,,
Western Oklahoma State College,8/12/2015,12/14/2015,1/13/2016,5/13/2016
Western Piedmont Community College,,,,
Western Seminary-Portland,8/31/2015,12/18/2015,1/4/2016,4/22/2016
Western Texas College,,,,
Western Wyoming Community College,8/13/2015,12/16/2015,1/6/2016,5/13/2016
Westminster College,Duplicate,,,
Weston Jesuit School Of Theology,8/24/2015,9/4/2015,1/18/2016,7/4/2016
Westwood Clg Of Tech-F Worth,,,,
Westwood College-Anaheim,,,,
Westwood College-Dallas,,,,
Westwood College Inland Empire,,,,
Westwood College Los Angeles,8/31/2015,12/20/2015,,
Whatcom Community College,7/15/2015,12/2/2015,,
Wheelock College,9/1/2015,12/22/2015,1/18/2016,5/18/2016
White Mountains Community College,8/17/2015,12/21/2015,,
Wichita Area Technical College,,,,
Wiley College,8/21/2015,12/19/2015,1/16/2016,5/28/2016
Wilkes Community College,6/15/2015,12/17/2015,1/5/2016,3/10/2016
William Jessup University,8/24/2015,12/11/2015,1/11/2016,4/30/2016
William Penn University,8/20/2015,12/18/2015,1/13/2016,5/16/2016
Williams Baptist College,8/27/2015,12/16/2015,1/11/2016,5/4/2016
Williamsburg Technical College,8/20/2015,12/31/2015,,
Williston State College,8/3/2015,12/25/2015,,
Wilson College,8/13/2015,12/18/2015,1/16/2016,5/30/2016
Wilson Community College,8/18/2015,12/16/2015,1/5/2016,5/13/2016
Wisconsin Lutheran College,8/24/2015,12/29/2015,1/18/2016,5/22/2016
Wright State University,Duplicate,,,
Wagner College,8/31/2015,12/18/2015,1/19/2016,5/20/2016
Wake Forest University,8/21/2015,12/16/2015,1/9/2016,5/17/2016
Walla Walla University,,,,
Wallace Community College-Dothan,8/10/2015,12/11/2015,,
Walsh College-Troy,8/1/2015,12/12/2015,2/1/2016,6/16/2016
Walsh University,8/24/2015,12/13/2015,1/7/2016,6/1/2016
Walters State Community College,4/6/2015,12/25/2015,1/22/2016,5/9/2016
Warner Pacific College,8/24/2015,12/21/2015,1/13/2016,5/16/2016
Warner Southern College,8/24/2015,12/11/2015,1/13/2016,5/6/2016
Warren County Community College,9/8/2015,12/22/2015,1/19/2016,5/13/2016
Wartburg College,8/31/2015,12/17/2015,,
Washburn University,8/1/2015,12/25/2015,1/1/2016,5/18/2016
Washington & Jefferson College,8/25/2014,12/17/2014,1/26/2015,5/19/2015
Washington College,8/31/2015,12/23/2015,1/4/2016,5/21/2016
Washington State University,8/24/2015,12/22/2015,1/11/2016,5/10/2016
Washington University In St. Louis,8/24/2015,12/7/2015,1/12/2016,5/15/2016
Washington And Lee University,9/5/2015,12/22/2015,4/25/2016,6/6/2016
Washtenaw Community College,3/18/2015,12/24/2015,,
Waubonsee Community College,8/24/2015,12/19/2015,1/19/2016,5/13/2016
Waukesha County Tech College,7/6/2015,12/22/2015,1/18/2016,5/16/2016
Waycross College,6/15/2015,1/1/2016,10/1/2015,5/6/2016
Wayland Baptist University-Plainview,8/10/2015,1/1/2016,1/4/2016,5/14/2016
Wayne County Community College District,8/22/2015,12/16/2015,1/9/2016,5/4/2016
Wayne State College,8/20/2015,12/18/2015,1/8/2016,5/6/2016
Wayne State University,3/2/2015,12/31/2015,,
Waynesburg University,,,,
Weber State University,4/6/2015,12/18/2015,1/11/2016,4/19/2016
Webster University,8/26/2015,12/20/2015,1/13/2016,5/17/2016
Wellesley College,8/31/2015,12/18/2015,1/24/2016,5/29/2016
Wentworth Institute Of Technology,8/7/2015,12/16/2014,1/4/2016,4/27/2016
Wesley College,8/18/2015,12/15/2015,1/6/2016,5/7/2016
Wesleyan University,8/25/2015,12/20/2015,1/4/2016,5/25/2016
West Georgia Technical College WGTC,8/10/2015,12/21/2015,1/6/2016,5/12/2016
West Chester University Of Penn,8/24/2015,12/14/2015,1/19/2016,5/9/2016
West Hills Ctmy College-Coalinga,8/12/2015,12/18/2015,1/6/2016,5/20/2016
West Kentucky Community/Tech College,8/17/2015,12/13/2015,,
West Liberty University,6/29/2015,9/18/2015,1/9/2016,5/7/2016
West Los Angeles College,8/31/2015,12/20/2015,2/9/2016,4/3/2016
West Texas A&M University,8/3/2015,10/31/2015,1/3/2016,5/4/2016
West Valley College,8/31/2015,12/19/2015,1/30/2016,5/27/2016
West Virginia State University,8/13/2015,12/21/2015,1/7/2016,5/14/2016
West Virginia University,8/13/2015,12/21/2015,1/7/2016,5/14/2016
West Virginia Wesleyan College,8/17/2015,12/17/2015,1/11/2016,5/9/2016
Western Carolina University,8/24/2015,12/11/2015,1/11/2016,5/6/2016
Western Connecticut State University,8/24/2015,12/23/2015,1/15/2016,5/23/2016
Western Illinois University,8/24/2015,12/19/2015,1/18/2015,5/15/2016
Western International University,8/24/2015,12/19/2015,1/18/2015,5/15/2016
Western Iowa Tech Community College,8/19/2015,1/1/2016,1/14/2016,5/30/2016
Western Kentucky University,8/24/2015,12/15/2015,1/25/2016,5/17/2016
Western Michigan University,2/23/2015,12/19/2015,9/28/2016,4/30/2016
Western Nevada Community College,6/22/2015,12/23/2015,11/16/2016,5/13/2016
Western New England College,8/28/2015,12/21/2015,1/4/2016,5/21/2016
Western New Mexico University,8/17/2015,9/4/2015,1/11/2016,5/30/2016
Western Oregon University,9/26/2015,12/15/2015,3/14/2016,6/14/2016
Western State College,8/24/2015,12/17/2015,1/11/2016,5/7/2016
Western Tech College-La Crosse,9/8/2015,12/19/2015,1/19/2016,4/30/2016
Western Washington University,9/21/2015,11/29/2015,3/28/2016,6/3/2016
Westfield State University,9/1/2015,12/23/2015,1/25/2016,5/24/2016
Westminster College,Duplicate,,,
Westminster College,8/25/2015,12/17/2015,1/19/2016,5/12/2016
Westmont College,8/10/2015,12/28/2015,1/9/2016,5/11/2016
Westmoreland Co Community College,8/17/2015,12/18/2015,1/14/2016,5/16/2016
Wharton County Junior College,7/10/2015,1/11/2016,1/6/2016,5/13/2016
Wheaton College,Duplicate,,,
Wheaton College,9/8/2015,1/4/2016,1/22/2016,5/12/2016
Whittier College,9/15/2015,12/15/2015,1/16/2016,5/16/2016
Whitworth University,9/5/2015,12/23/2015,2/1/2016,5/5/2016
Wichita State University,8/3/2015,12/11/2015,1/4/2016,5/13/2016
Widener University,8/26/2015,12/31/2015,1/17/2016,5/30/2016
Wilkes University,8/31/2015,12/23/2015,1/18/2016,5/4/2016
Willamette University,8/15/2015,12/18/2015,1/18/2016,5/17/2016
William Carey University-Hattiesburg,8/18/2015,11/6/2015,2/16/2016,5/27/2016
William Jewell College,8/22/2015,12/11/2015,1/17/2016,5/30/2016
William Paterson University,9/1/2015,12/18/2015,1/20/2016,5/13/2016
William Rainey Harper College,8/24/2015,12/18/2015,1/19/2016,5/20/2016
William Woods University,9/25/2015,12/11/2015,1/4/2016,5/6/2016
Williams College,9/10/2015,12/11/2015,2/3/2016,5/13/2016
Wilmington College,8/20/2015,12/14/2015,1/5/2016,5/10/2016
Wilmington University,5/4/2015,12/16/2015,1/4/2016,5/1/2016
Windward Community College,4/13/2015,12/18/2015,1/11/2016,5/17/2016
Wingate University,8/17/2015,12/15/2015,1/11/2016,7/11/2016
Winona State University,4/20/2015,8/28/2015,1/11/2016,5/11/2016
Winthrop University,8/19/2015,12/20/2015,1/12/2016,5/9/2016
Wisconsin Indianhead Tech Admin Off,8/10/2015,12/16/2015,1/4/2016,5/11/2016
Wittenberg University,8/20/2015,10/19/2015,1/11/2016,3/7/2016
Wofford College,8/25/2015,1/28/2015,1/31/2016,5/16/2016
Woodbury University-Burbank,8/24/2015,9/4/2015,1/11/2015,1/25/2015
Wor Wic Community College,8/6/2015,1/3/2016,,
Worcester Polytechnic Institute,8/23/2015,9/2/2015,1/10/2016,5/14/2016
Worcester State College,9/1/2015,12/17/2015,1/1/2016,5/31/2016
Wright State University,3/9/2015,1/1/2016,10/19/2015,6/29/2016
Xavier University Of Louisiana,8/17/2015,12/14/2015,1/6/2016,5/7/2016
Xavier University,8/24/2015,12/22/2015,1/1/2016,5/14/2016
York College,8/28/2015,12/22/2015,1/19/2016,5/14/2016
York County Community College,9/8/2015,12/19/2015,1/19/2016,5/14/2016
Young Harris College,8/17/2015,12/10/2015,1/11/2016,5/7/2016
Yale University,8/26/2015,12/23/2015,1/13/2016,8/31/2016
Yavapai College,8/24/2015,12/12/2015,1/19/2016,5/6/2016
Yeshiva University,8/16/2015,12/30/2015,1/17/2016,6/3/2016
York College Of Penn,8/28/2015,12/22/2015,1/19/2016,5/14/2016
Youngstown State University,1/28/2015,3/1/2016,9/2/2015,9/1/2016
Yuba College,8/17/2015,1/1/2015,1/18/2016,5/30/2016
Zane State College,,,,
Zarem Golde Ort Technical Institute,,,,