School Name,Spring Start,Spring End,Fall Start,Fall End,
Uguru University [SAMPLE] ,6/22/2015,7/22/2015,8/15/2015,9/23/2015,
Adirondack Community College,5/18/2015,8/12/2015,9/9/2015,12/23/2015,
Agnes Scott College,5/26/2015,7/30/2015,8/26/2015,12/14/2015,
Aiken Technical College,5/11/2015,7/31/2015,8/17/2015,11/30/2015,
Alamance Community College,5/21/2015,7/17/2015,8/17/2015,12/17/2015,
Alaska Pacific University,5/4/2015,6/19/2015,8/24/2015,10/14/2015,
Alderson Broaddus College,5/19/2015,8/14/2015,8/26/2015,12/18/2015,
Allen County Community College,6/1/2015,7/24/2015,8/18/2015,12/17/2015,
Allen University,5/4/2015,6/15/2015,6/1/2015,11/7/2015,
Alliant International University Off,6/8/2015,8/16/2015,8/24/2015,12/20/2015,
Alpena Community College,5/18/2015,8/7/2015,8/24/2015,12/4/2015,
American Academy Of Art,5/2/2015,8/19/2015,8/29/2015,12/16/2015,
American Baptist College,Inactive,Inactive,Inactive,Inactive,
American Indian College Of The Assemblies Of God Inc,6/7/2015,6/8/2015,10/8/2015,24/11/15,
American Indian Oic Inc,,"
",,,
American Intercontinental University,6/8/2015,,8/24/2015,,"***6-week courses - many overlap traditional ""terms"""
American Intercontinental University,,,,,
American Intercontinental University,,,,,
American Intercontinental University-Dunwoody Campus,,,,,
Andover Newton Theological School,6/1/2015,,9/14/2015,,
Andrew College,5/25/2015,7/17/2015,8/18/2015,12/11/2015,
Angelina College,,,,,
Anna Maria College,5/4/2015,8/29/2015,8/31/2015,12/19/2015,* search comes out for Antioch University Midwest...no results for mcgregor
Antioch University Mcgregor,4/27/2015,8/22/2015,8/22/2015,12/12/2015,
Antioch University New England,5/18/2015,8/21/2015,8/22/2015,12/15/2015,
Antioch University Seattle,7/6/2015,9/19/2015,10/5/2015,12/19/2015,
Antioch University-Los Angeles Branch,7/6/2015,8/14/2015,10/5/2015,12/12/2015,
Apollo College-Mesa,,,,,"* apollo college was change into Carrington college in February 13, 2015...Mesa Campus start there classes this July 13, 2015"
Apollo College-New Mexico,,,,,"* New Mexico Campus will start in 39 days August 10, 2015."
Apollo College-Portland,,,,,"* Portland Campus also start in 39 days August 10, 2015."
Apollo College-Spokane,,,,,"* Spokane Campus also start in 39 days August 10, 2015."
Apollo College-Westside,,,,,"* Westside Campus will start in 34 days August 3, 2015."
Appalachian Technical College,6/8/2015,8/4/2015,8/17/2015,12/12/2015,* now Chattahoochee Technical College.
Aquinas College,,,8/24/2015,12/18/2015,
Argosy University-Atlanta,5/7/2015,7/19/2015,8/4/2014,12/17/2014,
Argosy University-Dallas,5/7/2015,7/19/2015,8/4/2014,12/17/2014,
Argosy University-Dc,5/7/2015,7/19/2015,8/4/2014,12/17/2014,
Argosy University-Honolulu,5/7/2015,7/19/2015,8/4/2014,12/17/2014,
Argosy University-Orange Co,5/7/2015,7/19/2015,8/4/2014,12/17/2014,
Argosy University-Phoenix,5/7/2015,7/19/2015,8/4/2014,12/17/2014,
Argosy University-Sarasota,5/7/2015,7/19/2015,8/4/2014,12/17/2014,
Argosy University-Schaumburg,5/7/2015,7/19/2015,8/4/2014,12/17/2014,
Argosy University-Seattle,5/7/2015,7/19/2015,8/4/2014,12/17/2014,
Argosy University-Tampa,5/7/2015,7/19/2015,8/4/2014,12/17/2014,
Argosy University-Twin Cities,5/7/2015,7/19/2015,8/4/2014,12/17/2014,
Arkansas No-Eastern Clg-Byythe,6/1/2015,7/30/2015,9/17/2015,12/9/2015,
Arkansas State Univ-Beebe,5/27/2015,8/5/2015,8/17/2015,12/8/2015,
Arkansas State Univ-Mt Home,6/1/2015,8/6/2015,8/22/2015,12/11/2015,
Arkansas State Univ-Newport,6/1/2015,,8/24/2015,,
Arlington Baptist College, ,,,,
Asheville-Buncombe Technical Community College,,,,,
Assemblies Of God Theological Seminary,,,,,
Athenaeum Of Ohio,,,,,
Atlanta Christian College,,,,,
Atlanta Technical College,,,,,
Atlantic Union College,,,,,
Aviation Institute Of Maintenance,,,,,
Abilene Christian University,,,,,
Abraham Baldwin Agri College,,,,,
Adams State College,,,,,
Adelphi University,,,,,
Adrian College,,,,,
Aib College Of Business,,,,,
Aims Community College,,,,,
Alabama A & M University,,,,,
Alabama South Community College-Monroeville,,,,,
Alabama State University,,,,,
Albany State University,,,,,
Albany Technical College,,,,,
Albertus Magnus College,,,,,
Albion College,,,,,
Albright College,,,,,
Alcorn State University,,,,,
Alexandria Technical & Community College,,,,,
Alfred University,,,,,
Allan Hancock College,,,,,
Allegany College Of Maryland-Cumbe,,,,,
Allegheny College,,,,,
Alliant International University,,,,,
Alma College,,,,,
Alvernia College,,,,,
Alverno College,,,,,
Alvin Community College-Alvin,,,,,
Amarillo College,,,,,
American International College,,,,,
American River College,,,,,
American University,,,,,
Amherst College,,,,,
"Anderson University, In",,,,,
"Anderson University, Sc",,,,,
Andrews University-Michigan,,,,,
Angelo State University,,,,,
Anne Arundel Community College,,,,,
Anoka Technical College,,,,,
Anoka-Ramsey Community College,,,,,
Antelope Valley College,,,,,
Apollo College-Phoenix,,,,,
Appalachian State University,,,,,
Aquinas College,,,,,
Arapahoe Community College,,,,,
Arcadia University,,,,,
Arizona State University-Tempe,,,,,
Arizona Western College,,,,,
Arkansas Baptist College,,,,,
Arkansas State University,,,,,
Arkansas Tech University,,,,,
Armstrong Atlantic State University,,,,,
Asbury College,,,,,
Asbury Theological Sem-Kentuc,,,,,
Ashford University,,,,,
Ashland Community Tech College-College Dr,,,,,
Asnuntuck Community College,,,,,
Assumption College,,,,,
Athens State University,,,,,
Athens Technical College,,,,,
Atlanta Metropolitan College,,,,,
Atlantic Cape Community College,,,,,
Auburn University,,,,,
Auburn University At Montgomery,,,,,
Augsburg College,,,,,
Augusta State University,,,,,
Augusta Tech College-Augusta,,,,,
Augustana College,,,,,
Aurora University,,,,,
Austin College,,,,,
Austin Community College - Northridge,,,,,
Austin Community College District,,,,,
Austin Peay State University,,,,,
Averett University,,,,,
Avila University,,,,,
Azusa Pacific University,,,,,
Bacone College,,,,,
Baker College Of Allen Park,,,,,
Baker College Of Auburn Hills,,,,,
Baker College Of Cadillac,,,,,
Baker College Of Jackson,,,,,
Baker College Of Muskegon,,,,,
Baker College Of Owosso,,,,,
Baker College Of Port Huron,,,,,
Baker University School Of Nursing,,,,,
Baltimore International College,,,,,
Baptist Bible College And Graduate School,,,,,
Baptist Bible College And Seminary,,,,,
Barber-Scotia College,,,,,
Barclay College,,,,,
Bard College At Simon'S Rock,,,,,
Barton College,,,,,
Baton Rouge College,,,,,
Baton Rouge Community College,,,,,
Bauder College,,,,,
Bay De Noc Community College,,,,,
Bay Mills Community College,,,,,
Bay State College,,,,,
Baylor College Of Medicine,,,,,
Beacon University,,,,,
Beal College,,,,,
Beaufort County Community College,,,,,
Belmont Technical College,,,,,
Bennett College For Women,,,,,
Berkeley College-Westchester,,,,,
Berks Technical Institute,,,,,
Bethany College,,,,,
Bethany College,,,,,
Bethany Lutheran College,,,,,
Bethany University,,,,,
Bethel College,,,,,
Bethel Seminary-St. Paul,,,,,
Bethesda Christian University,,,,,
Big Bend Community College,,,,,
Big Sandy Cmty/Tech Clg-Mayo,,,,,
Blackburn College,,,,,
Blackfeet Community College,,,,,
Bladen Community College,,,,,
Blue Mountain College,,,,,
Blue Mountain Community College,,,,,
Blue Ridge Community College,,,,,
Bluefield College,,,,,
Bluffton University,,,,,
Boston Architectural College,,,,,
Bowling Green State University-Firelands,,,,,
Bradford School,,,,,
Brazosport College,,,,,
Brevard College,,,,,
Briarwood College,,,,,
Bridgerland Applied Technology College,,,,,
Brigham Young University-Hawaii,,,,,
Brigham Young University-Idaho,,,,,
Brown College Of Court Reporting And Medical Transcription,,,,,
Bryan College,,,,,
Bryan College,,,,,
Bryan College,,,,,
Bryant And Stratton College-Albany,,,,,
Bryant And Stratton College-Amherst Campus,,,,,
Bryant And Stratton College-Buffalo,,,,,
Bryant And Stratton College-Cleveland,,,,,
Bryant And Stratton College-Greece,,,,,
Bryant And Stratton College-Henrietta,,,,,
Bryant And Stratton College-Main Syracuse,,,,,
Bryant And Stratton College-Milwaukee,,,,,
Bryant And Stratton College-Parma,,,,,
Bryant And Stratton College-Southtowns,,,,,
Bryn Athyn College Of The New Church,,,,,
Babson College,,,,,
Bainbridge College,,,,,
Baker College Of Flint,,,,,
Baker University,,,,,
Bakersfield College,,,,,
Baldwin-Wallace College,,,,,
Ball State University,,,,,
Baltimore City Community College,,,,,
Baptist Memorial College Health Sci,,,,,
Bard College,,,,,
Barry University-Miami,,,,,
Barstow College,,,,,
Barton County Community College,,,,,
Baruch College,,,,,
Bates College,,,,,
Bates Technical College,,,,,
Bay Path College-Longmeadow,,,,,
Baylor University,,,,,
Becker College-Worcester,,,,,
Belhaven College,,,,,
Bellarmine University,,,,,
Bellevue University,,,,,
Bellingham Technical College,,,,,
Belmont Abbey College,,,,,
Belmont University,,,,,
Bemidji State University,,,,,
Benedict College,,,,,
Benedictine College,,,,,
Benedictine University,,,,,
Bennington College,,,,,
Bentley College,,,,,
Bergen Community College,,,,,
Berkeley City College,,,,,
Berkeley College-New York City,,,,,
Berklee College Of Music,,,,,
Berkshire Community College,,,,,
Berry College,,,,,
Bethel College,,,,,
Bethel University,,,,,
Bevill State Community College-Sumiton,,,,,
Big Sandy Community/Tech College-Prest,,,,,
Biola University,,,,,
Birmingham Southern College,,,,,
Bishop State Community College-Main,,,,,
Bismarck State College,,,,,
Black Hawk College-Quad Cities,,,,,
Black River Technical College,,,,,
Blinn College,,,,,
Bloomfield College,,,,,
Bloomsburg University,,,,,
Blue Ridge Community College,,,,,
Bluefield State College,,,,,
Bluegrass Community/Tech College-Cooper,,,,,
Bob Jones University,,,,,
Boise State University,,,,,
Borough Manhattan Community College,,,,,
Bossier Parish Community College,,,,,
Boston College,,,,,
Boston University,,,,,
Bowdoin College,,,,,
Bowie State University,,,,,
Bowling Green State University,,,,,
Bowling Green Technical College,,,,,
Bradley University,,,,,
Brandeis University,,,,,
Brenau University,,,,,
Brevard Community College-Cocoa,,,,,
Brewton-Parker College,,,,,
Briar Cliff University,,,,,
Briarcliffe College-Bethpage,,,,,
Bridgewater College,,,,,
Bridgewater State College,,,,,
Brigham Young University-Provo,,,,,
Bristol Community College-Fall River,,,,,
Bronx Community College,,,,,
Brookhaven College,,,,,
Brooklyn College,,,,,
Broome Community College,,,,,
Broward Community College - Downtown,,,,,
Broward Community College-Central Camp,,,,,
Brown College,,,,,
Brown University,,,,,
Brunswick Community College,,,,,
Bryant University,,,,,
Bryn Mawr College,,,,,
Bucknell University,,,,,
Bucks Co Community College-Newton,,,,,
Buena Vista University,,,,,
Buffalo State College,,,,,
Bunker Hill Community College-Boston,,,,,
Burlington Co College-Pemberton,,,,,
Butler County Community College,,,,,
Butler County Community College,,,,,
Butler University,,,,,
Butte College,,,,,
Cabarrus College Of Health Sciences,,,,,
Caldwell Community College And Technical Institute,,,,,
California Christian College,,,,,
California Institute Of The Arts,,,,,
California State University-Monterey Bay,,,,,
Calvary Bible College And Theological Seminary,,,,,
Cambridge Clg-Cambridge,,,,,
Cankdeska Cikana Community College,,,,,
Capitol College,,,,,
Carl Albert State College,,,,,
Carlos Albizu University-Miami Campus,,,,,
Carroll College,,,,,
Carteret Community College,,,,,
Cascade College,,,,,
Catawba Valley Community College,,,,,
Catholic University Of America,,,,,
Centenary College Of Louisiana,,,,,
Central Baptist College,,,,,
Central Bible College,,,,,
Central Carolina Technical College,,,,,
Central Christian College Of Kansas,,,,,
Central Lakes College-Brainerd,,,,,
Central New Mexico Community College,,,,,
Central Ohio Technical College,,,,,
Central Oregon Community College,,,,,
Central Piedmont Cmty Clg-Lev,,,,,
Central Virginia Community College,,,,,
Central Wyoming College,,,,,
Champlain College,,,,,
Charles Drew University Of Medicine And Science,,,,,
Chief Dull Knife College,,,,,
Chowan University,,,,,
Church Divinity School Of The Pacific,,,,,
Cisco Junior College,,,,,
City Colleges Of Chicago Sys,,,,,
Claflin University,,,,,
Clarendon College,,,,,
Clark University,,,,,
Clarkson College,,,,,
Clatsop Community College,,,,,
Clearwater Christian College,,,,,
Cleary University-Washtenaw,,,,,
Cleveland Community College,,,,,
Cleveland State Community College,,,,,
Clg Menominee Nation-Keshena,,,,,
Clg Of S Nevada-W Charleston,,,,,
Clg Of Santa Fe-Santa Fe,,,,,
Clg Of The Albemarle-Eliz City,,,,,
Clg Of The Southwest-Hobbs,,,,,
Clinton Community College,,,,,
Cmty Clg Of Vermont-Waterbury,,,,,
Coahoma Community College,,,,,
Coastal Bend College-Beeville,,,,,
Coconino County Community College,,,,,
Cogswell Polytechnical College,,,,,
Colby Community College,,,,,
Colby-Sawyer College,,,,,
Colgate Rochester Crozer Divinity School,,,,,
College For Creative Studies,,,,,
College Of Eastern Utah,,,,,
College Of Saint Marys,,,,,
College Of St Catherine,,,,,
College Of St Joseph,,,,,
College Of The Mainland,,,,,
Colorado College,,,,,
Colorado Northwestern Community College,,,,,
Columbia Gorge Community College,,,,,
Columbia International University,,,,,
Columbia University In The City Of New York,,,,,
Columbia-Greene Community College,,,,,
Columbus College Of Art And Design,,,,,
Community College Of Beaver County,,,,,
Community College Of The Air Force,,,,,
Concordia College,,,,,
Concordia University,,,,,
Concordia University,,,,,
Concordia University-Ann Arbor,,,,,
Concordia University-Wisconsin,,,,,
Connors State Clg-Warner,,,,,
Copiah-Lincoln Community College,,,,,
Copiah-Lincoln Community College-Natchez Campus,,,,,
Copper Mountain College,,,,,
Corban College,,,,,
Cornell College,,,,,
Cottey College,,,,,
Covenant College,,,,,
Craven Community College,,,,,
Crowder College,,,,,
Crowley'S Ridge College,,,,,
Crown College,,,,,
Csu Dominguez Hills,,,,,
Csu East Bay,,,,,
Csu San Marcos,,,,,
Csu Stanislaus,,,,,
Culver-Stockton College,,,,,
Cuny College Of Staten Island,,,,,
Cuny Hostos Community College,,,,,
Cuny Hunter College,,,,,
Cuny Laguardia Community College,,,,,
Cuny Queens College,,,,,
Cuny York College,,,,,
Cabrillo College,,,,,
Cabrini College,,,,,
Cal Polytechnic State University,,,,,
Cal St University-San Bernardino,,,,,
Cal State Polytech-Pomona,,,,,
Caldwell College,,,,,
Calhoun Community College,,,,,
Calif Institute Of Integral Studies,,,,,
California Baptist University,,,,,
California College Of Arts-Oakland,,,,,
California Institute Of Technology,,,,,
California Lutheran University,,,,,
California St University-Fresno,,,,,
California St University-Fullerton,,,,,
California St University-Long Beach,,,,,
California St University-Los Angeles,,,,,
California St University-Northridge,,,,,
California St University-Sacramento,,,,,
California State University Chico,,,,,
California University Of Pa,,,,,
Calumet College Of St Joseph,,,,,
Calvin College,,,,,
Camden County College,,,,,
Cameron University,,,,,
Campbellsville University,,,,,
Canada College,,,,,
Canisius College,,,,,
Cape Cod Community College,,,,,
Capital Community College,,,,,
Capital University,,,,,
Cardinal Stritch University,,,,,
Carl Sandburg College-Galesburg,,,,,
Carleton College,,,,,
Carlow University,,,,,
Carnegie-Mellon University,,,,,
Carroll College,,,,,
Carroll Community College,,,,,
Carson-Newman College,,,,,
Carthage College,,,,,
Case Western Reserve University,,,,,
Casper College,,,,,
Castleton State College,,,,,
Catawba College,,,,,
Catholic University Of America,,,,,
Cazenovia College,,,,,
Cecil College,,,,,
Cedar Crest College,,,,,
Cedar Valley College,,,,,
Cedarville University,,,,,
Centenary College,,,,,
Central Alabama Community College-Alex,,,,,
Central Arizona College-Signal Pea,,,,,
Central College,,,,,
Central Community College-Grand Island,,,,,
Central Connecticut State University,,,,,
Central Florida Community College-Ocala,,,,,
Central Georgia Tech College,,,,,
Central Maine Community College,,,,,
Central Methodist University,,,,,
Central Michigan University,,,,,
Central New Mexico Community College,,,,,
Central State University,,,,,
Central Texas College,,,,,
Central Washington University,,,,,
Centre College,,,,,
Century College,,,,,
Cerritos College,,,,,
Cerro Coso Community College-Indian Wel,,,,,
Chabot College,,,,,
Chadron State College,,,,,
Chaffey College,,,,,
Chaminade University,,,,,
Chandler Gilbert Community College,,,,,
Chapman University-Orange,,,,,
Charter Oak State College,,,,,
Chatham College,,,,,
Chattahoochee Tech College-Mariett,,,,,
Chattahoochee Valley Community College,,,,,
Chattanooga St Tech Community College,,,,,
Chemeketa Community College-Salem,,,,,
Chesapeake College,,,,,
Chestnut Hill College,,,,,
Cheyney University,,,,,
Chicago State University,,,,,
Chipola Junior College,,,,,
Christian Brothers University,,,,,
Christopher Newport University,,,,,
Cincinnati State Tech/Community College,,,,,
Citrus College,,,,,
City College Of New York,,,,,
City College Of San Francisco,,,,,
City University Of Seattle,,,,,
Clackamas Community College,,,,,
Claremont Graduate University,,,,,
Claremont Mckenna College,,,,,
Clarion University Of Pennsylvania,,,,,
Clark Atlanta University,,,,,
Clark College,,,,,
Clark State Community College,,,,,
Clarke College,,,,,
Clarkson University,,,,,
Clayton State University,,,,,
Clemson University,,,,,
Clermont College,,,,,
Cleveland State University,,,,,
Cloud County Community College,,,,,
Clovis Community College,,,,,
Coastal Georgia Community College,,,,,
Coastline Community College,,,,,
Cochise College,,,,,
Coe College,,,,,
Coker College,,,,,
Colby College,,,,,
Colgate University,,,,,
College Of Alameda,,,,,
College Of Charleston,,,,,
College Of Lake County,,,,,
College Of Marin - Kentfield,,,,,
College Of Mount Saint Joseph,,,,,
College Of Mt St Vincent,,,,,
College Of Notre Dame Of Md,,,,,
College Of S Nevada - Cheyenne,,,,,
College Of Saint Benedict,,,,,
College Of Saint Elizabeth,,,,,
College Of Saint Rose,,,,,
College Of San Mateo,,,,,
College Of South Maryland-La Plata,,,,,
College Of Southern Idaho,,,,,
College Of St Scholastica,,,,,
College Of The Canyons,,,,,
College Of The Desert,,,,,
College Of The Holy Cross,,,,,
College Of The Ozarks,,,,,
College Of The Redwoods,,,,,
College Of The Sequoias,,,,,
College Of The Siskiyous-Weed,,,,,
College Of William & Mary,,,,,
College Of Wooster,,,,,
Collin Co Community College - Spring Creek,,,,,
Collin Co Community College District,,,,,
Colorado Christian University,,,,,
Colorado Mt College-Glenwood Spr,,,,,
Colorado School Of Mines,,,,,
Colorado State University - Pueblo,,,,,
Colorado State University-Ft Collins,,,,,
Colorado Tech University-Co Springs,,,,,
Columbia Basin College,,,,,
Columbia College,,,,,
Columbia College,,,,,
Columbia College,,,,,
Columbia College,,,,,
Columbia State Community College,,,,,
Columbia University,,,,,
Columbus State Community College,,,,,
Columbus State University,,,,,
Columbus Technical College,,,,,
Community College Of Allegheny-Alleghen,,,,,
Community College Of Aurora,,,,,
Community College Of Baltimore County,,,,,
Community College Of Denver-Auraria,,,,,
Community College Of Philadelphia,,,,,
Community College Of Rhode Island-Knigh,,,,,
Concordia College,,,,,
Concordia College-Moorhead,,,,,
Concordia University,,,,,
Concordia University System,,,,,
Connecticut College,,,,,
Contra Costa College,,,,,
Converse College,,,,,
Coppin State University,,,,,
Cornell University,,,,,
Cornerstone University,,,,,
Corning Community College,,,,,
Cossatot Community College-The University Ar,,,,,
Cosumnes River College,,,,,
Cowley College,,,,,
Crafton Hills College,,,,,
Creighton University,,,,,
Cuesta College-Sn Luis Obispo,,,,,
Cumberland University,,,,,
Curry College,,,,,
Cuyahoga Community College - Metro,,,,,
Cuyamaca College,,,,,
Cypress College,,,,,
D'Youville College,,,,,
Dakota Wesleyan University,,,,,
Dallas Christian College,,,,,
Dallas Co Cmty Clg Dist Sys,,,,,
Dana College,,,,,
Daniel Webster College,,,,,
Davis College,,,,,
Davis College,,,,,
Delaware State University,,,,,
Delaware Technical And Community College-Owens,,,,,
Delaware Technical And Community College-Stanton-Wilmington,,,,,
Devry University-Arizona,,,,,
Devry University-California,,,,,
Devry University-Columbus,,,,,
Devry University-Georgia,,,,,
Devry University-Henderson Ctr,,,,,
Devry University-Irving,,,,,
Devry University-Maryland,,,,,
Devry University-Miramar,,,,,
Devry University-Missouri,,,,,
Devry University-N Brunswick,,,,,
Devry University-North Carolina,,,,,
Devry University-Portland,,,,,
Devry University-Seattle,,,,,
Devry University-St Louis Park,,,,,
Devry University-Wisconsin,,,,,
Dillard University,,,,,
Dine College-Tsaile,,,,,
Doane College-Crete,,,,,
Dodge City Community College,,,,,
Dominican School Of Philosophy And Theology,,,,,
Dominican University Of Ca-San Rafae,,,,,
Donnelly College,,,,,
Dunwoody College Of Technology,,,,,
Dyersburg State Community College,,,,,
Daemen College,,,,,
Dakota County Technical College,,,,,
Dakota State University,,,,,
Dallas Baptist University,,,,,
Dalton State College,,,,,
Danville Area Community College,,,,,
Dartmouth College,,,,,
Darton College,,,,,
Davenport University-Lettinga,,,,,
Davidson College,,,,,
De Anza College,,,,,
Dean College,,,,,
Defiance College,,,,,
Dekalb Tech College-Clarkston,,,,,
Del Mar College,,,,,
Delaware County Community College,,,,,
Delaware Tech & Community College-Terry,,,,,
Delaware Valley College,,,,,
Delgado Community College,,,,,
Delta College,,,,,
Delta State University,,,,,
Denison University,,,,,
Denmark Technical College,,,,,
Depaul University - Lincoln Park,,,,,
Depaul University-Chicago Loop,,,,,
Depauw University,,,,,
Des Moines Area Community College,,,,,
Desales University,,,,,
Diablo Valley College,,,,,
Dickinson College,,,,,
Dickinson State University,,,,,
Digipen Institute Of Technology,,,,,
Dixie State College Of Utah,,,,,
Dominican College,,,,,
Dominican University,,,,,
Dordt College,,,,,
Dowling College,,,,,
Drake University,,,,,
Drexel University,,,,,
Drury University,,,,,
Duke University,,,,,
Duquesne University,,,,,
Dutchess Community College,,,,,
East Central Community College,,,,,
East Central Technical College,,,,,
East Mississippi Community College,,,,,
Eastern Idaho Technical College,,,,,
Eastern Maine Community College,,,,,
Eastern Mennonite University,,,,,
Eastern Nazarene College,,,,,
Eastern New Mexico University-Roswell Campus,,,,,
Eastern New Mexico University-Ruidoso,,,,,
Eastern West Virginia Community And Technical College,,,,,
Eastern Wyoming College,,,,,
Ecpi Technical Clg-Richmond,,,,,
Edgecombe Community College,,,,,
Edward Waters College,,,,,
El Paso Cmty Clg-Miss Del Paso,,,,,
Eldon Career Center,,,,,
Ellsworth Community College,,,,,
Embry Riddle Aeronautical University-Prescott,,,,,
Emily Griffith Opportunity School,,,,,
Emmanuel College,,,,,
Erskine College And Seminary,,,,,
Eti Technical College,,,,,
Eugene Bible College,,,,,
Everest College-Alhambra,,,,,
Everest College-Arlington,,,,,
Everest College-Aurora,,,,,
Everest College-City Of Industry,,,,,
Everest College-Gardena,,,,,
Everest College-Hayward,,,,,
Everest College-Merrillville,,,,,
Everest College-Phoenix,,,,,
Everest College-Renton,,,,,
Everest College-Salt Lake,,,,,
Everest College-San Jose,,,,,
Everest College-Springfield,,,,,
Everest College-Vancouver,,,,,
Everest College-West Los Angeles,,,,,
Everest Institute-Atlanta Downtown,,,,,
Everest Institute-Chesapeake,,,,,
Everest Institute-Grand Rapids,,,,,
Everest Institute-San Antonio,,,,,
East Arkansas Community College,,,,,
East Carolina University,,,,,
East Central College,,,,,
East Central University,,,,,
East Georgia College,,,,,
East Los Angeles College,,,,,
East Stroudsburg University,,,,,
East Tennessee State University,,,,,
East Texas Baptist University,,,,,
Eastern Arizona College,,,,,
Eastern Connecticut State University,,,,,
Eastern Illinois University,,,,,
Eastern Iowa Community College Dist Off,,,,,
Eastern Kentucky University,,,,,
Eastern Michigan University,,,,,
Eastern New Mexico University,,,,,
Eastern Oklahoma State College,,,,,
Eastern Oregon University,,,,,
Eastern University,,,,,
Eastern Washington University,,,,,
Eastfield College,,,,,
Eckerd College,,,,,
Edgewood College,,,,,
Edinboro University Of Pennsylvania,,,,,
Edison College-Lee County,,,,,
Edison Community College,,,,,
Edmonds Community College,,,,,
El Camino College,,,,,
El Camino College - Compton Center,,,,,
El Centro College,,,,,
El Paso Community College - Transmtn,,,,,
El Paso Community College-Valle Verde,,,,,
Elizabeth City State University,,,,,
Elizabethtown College,,,,,
Elizabethtown Community/Tech College,,,,,
Elmhurst College,,,,,
Elmira College,,,,,
Elms College,,,,,
Embry-Riddle Aero University-Daytona,,,,,
Emerson College,,,,,
Emmanuel College,,,,,
Emory University,,,,,
Emory And Henry College,,,,,
Emporia State University,,,,,
Endicott College,,,,,
Enterprise-Ozark Community College,,,,,
Essex County College-Newark,,,,,
Estrella Mountain Community College,,,,,
Eureka College,,,,,
Evangel University,,,,,
Everett Community College,,,,,
Evergreen Valley College,,,,,
Fairleigh Dickinson University-Metropolitan Campus,,,,,
Fairmont State Clg-Clarksburg,,,,,
Feather River Community College District,,,,,
Fine Mortuary College Llc,,,,,
First Coast Technical Institute,,,,,
Fisk University,,,,,
Fl Metropolitan Univ-Tampa,,,,,
Flathead Valley Community College,,,,,
Flint Hills Technical College,,,,,
Florence-Darlington Technical College,,,,,
Florida Career Clg-Miami,,,,,
Florida Christian College Inc,,,,,
Florida College,,,,,
Florida Keys Community College,,,,,
Florida National College-South,,,,,
Florida Tech College-Orlando,,,,,
Florida Technical College Of Jacksonville Inc,,,,,
Fort Berthold Community College,,,,,
Fort Peck Community College,,,,,
Frank Phillips College,,,,,
Free Will Baptist Bible College,,,,,
Fulton-Montgomery Community College,,,,,
Fairfield University,,,,,
Farmingdale State College,,,,,
Fashion Institute Of Technology,,,,,
Faulkner State Community College-Bay M,,,,,
Faulkner University,,,,,
Fayetteville State University,,,,,
Fayetteville Tech Community College,,,,,
Felician College,,,,,
Ferris State University,,,,,
Ferrum College,,,,,
Fisher College,,,,,
Fitchburg State University,,,,,
Flagler College,,,,,
Florida Agricultural And Mechanical University,,,,,
"Florida Atlantic University, Boca Raton",,,,,
Florida Community College - Martin Ctr,,,,,
Florida Gulf Coast University,,,,,
Florida Hospital College Health Sci,,,,,
Florida Institute Of Tech,,,,,
Florida International University-Miami,,,,,
Florida Memorial University,,,,,
Florida National College,,,,,
Florida Southern College,,,,,
Florida State University,,,,,
Folsom Lake College,,,,,
Fond Du Lac Tribal & Community College,,,,,
Fontbonne University,,,,,
Foothill College,,,,,
"Fordham University, Rose Hill",,,,,
Forsyth Technical Community College,,,,,
Fort Hays State University,,,,,
Fort Lewis College,,,,,
Fort Valley State University,,,,,
Fox Valley Tech College-Appleton,,,,,
Framingham State College,,,,,
Franciscan University,,,,,
Franklin College,,,,,
Franklin Pierce University,,,,,
Franklin University,,,,,
Franklin And Marshall College,,,,,
Frederick Community College,,,,,
Freed-Hardeman University,,,,,
Fresno City College,,,,,
Fresno Pacific University,,,,,
Friends University,,,,,
Front Range Community College,,,,,
Frostburg State University,,,,,
Ft Scott Community College,,,,,
Fuller Theological Seminary,,,,,
Fullerton College,,,,,
Furman University,,,,,
Gadsden St Cmty Clg-Ayers,,,,,
Gadsden St Cmty Clg-Valley St,,,,,
Galveston College,,,,,
Garrett College,,,,,
Gateway Community And Technical College,,,,,
George C Wallace State Community College-Hanceville,,,,,
George C Wallace State Community College-Selma,,,,,
Georgia Military College-Milledgeville Campus,,,,,
Glen Oaks Community College,,,,,
Globe Institute Of Technology,,,,,
Gogebic Community College,,,,,
Goshen College,,,,,
Grace Bible College,,,,,
Grace University,,,,,
Graceland University,,,,,
Grays Harbor College,,,,,
Grayson County College,,,,,
Great Lakes Christian College,,,,,
Green Mountain College,,,,,
Greensboro College,,,,,
Greenville Technical College,,,,,
Grinnell College,,,,,
Grossmont-Cuyamaca Clg Dist,,,,,
Gwynedd Mercy College,,,,,
Gainesville College,,,,,
Gallaudet University,,,,,
Gannon University,,,,,
Garden City Community College,,,,,
Gardner-Webb University,,,,,
Gaston College,,,,,
Gateway Community College,,,,,
Gateway Community College-Longwharf,,,,,
Gateway Technical College,,,,,
Gavilan College,,,,,
Genesee Community College,,,,,
Geneva College,,,,,
George Fox University,,,,,
George Mason University,,,,,
George Washington University,,,,,
Georgetown College,,,,,
Georgetown University,,,,,
Georgia College And State University,,,,,
Georgia Gwinnett College,,,,,
Georgia Highlands College,,,,,
Georgia Institute Of Technology,,,,,
Georgia Perimeter College,,,,,
Georgia Southern University,,,,,
Georgia Southwestern State University,,,,,
Georgia State University,,,,,
Georgian Court University,,,,,
Germanna Community College-Locust Grove,,,,,
Gettysburg College,,,,,
Gillette College,,,,,
Glendale Community College,,,,,
Glendale Community College,,,,,
Glenville State College,,,,,
Gloucester County College,,,,,
Golden Gate University,,,,,
Golden West College,,,,,
Goldey Beacom College,,,,,
Gonzaga University,,,,,
Gordon College,,,,,
Gordon College,,,,,
Goucher College,,,,,
Governors State University,,,,,
Graceland University,,,,,
Grambling State University,,,,,
Grand Canyon University,,,,,
Grand Valley St University - Allendale,,,,,
Grand Valley St University - Meijer,,,,,
Grand Valley State University,,,,,
Grand View College,,,,,
Granite State College,,,,,
Great Basin College,,,,,
Greenfield Community College,,,,,
Griffin Technical College,,,,,
Grossmont College,,,,,
Grove City College,,,,,
Guilford College,,,,,
Gulf Coast Community College-Main,,,,,
Gustavus Adolphus College,,,,,
Gwinnett Technical College,,,,,
Halifax Community College,,,,,
Hallmark College Of Technology/Hallmark College Of Aeronautics,,,,,
Hampshire College,,,,,
Hannibal-Lagrange College,,,,,
Hanover College,,,,,
Harcum College,,,,,
Harrisburg Area Community College-Lebanon,,,,,
Harvey Mudd College,,,,,
Haskell Indian Nations University,,,,,
Haywood Community College,,,,,
Hazard Cmty/Tech College,,,,,
Hcc North East-No Line Mall Ct,,,,,
Heald College-Concord,,,,,
Heald College-Fresno,,,,,
Heald College-Hayward,,,,,
Heald College-Honolulu,,,,,
Heald College-Portland,,,,,
Heald College-Roseville,,,,,
Heald College-Salinas,,,,,
Heald College-San Francisco,,,,,
Heald College-San Jose,,,,,
Heald College-Stockton,,,,,
Hellenic College-Holy Cross Greek Orthodox School Of Theology,,,,,
Heritage Bible College,,,,,
Herzing Clg-Lakeland Med-Dent,,,,,
Hesston College,,,,,
Hibbing Community College-A Technical And Community College,,,,,
High-Tech Institute-Las Vegas,,,,,
Hill College-Hillsboro,,,,,
Hillsdale Free Will Baptist College,,,,,
Hiwassee College,,,,,
Hobe Sound Bible College,,,,,
Hocking College-Nelsonville,,,,,
Hollins University,,,,,
Holmes Community College,,,,,
Holy Names University,,,,,
Hope International University,,,,,
Howard College-Big Spring,,,,,
Humphreys College-Stockton,,,,,
Hutchinson Community College,,,,,
Hagerstown Community College,,,,,
Hamilton College,,,,,
Hamline University,,,,,
Hampden-Sydney College,,,,,
Hampton University,,,,,
Hardin-Simmons University,,,,,
Harding University,,,,,
Harford Community College,,,,,
Harris-Stowe State University,,,,,
Harry South Truman College,,,,,
Hartnell College,,,,,
Harvard University,,,,,
Hastings College,,,,,
Haverford College,,,,,
Hawaii Community College-Hilo,,,,,
Hawaii Pacific University,,,,,
Hawkeye Community College,,,,,
Heidelberg College-Tiffin,,,,,
Henderson Community College,,,,,
Henderson State University,,,,,
Hendrix College,,,,,
Hennepin Tech College-Brooklyn,,,,,
Henry Ford Community College,,,,,
Herbert H Lehman College,,,,,
Herkimer County Community College,,,,,
High Point University,,,,,
Highland Community College,,,,,
Highland Community College,,,,,
Highline Community College,,,,,
Hilbert College,,,,,
Hillsborough Community College Dist Off,,,,,
Hinds Community College-Raymond,,,,,
Hiram College,,,,,
Hobart & William Smith Clgs,,,,,
Hofstra University,,,,,
Holy Family University,,,,,
Holyoke Community College,,,,,
Honolulu Community College,,,,,
Hood College,,,,,
Hope College,,,,,
Hopkinsville Community College,,,,,
Houghton College,,,,,
Housatonic Community College,,,,,
Houston Baptist University,,,,,
Houston Community College System,,,,,
Howard Community College,,,,,
Howard Payne University,,,,,
Howard University,,,,,
Hudson County Community College - Jersey,,,,,
Hudson Valley Community College,,,,,
Humboldt State University,,,,,
Huntingdon College,,,,,
Husson College,,,,,
Iliff School Of Theology,,,,,
Ilisagvik College,,,,,
Illinois Eastern Cmty Clg Sys,,,,,
Immanuel Lutheran College,,,,,
Independence Community College,,,,,
Indian Capital Technology Center-Tahlequah,,,,,
Indiana Business College-Anderson,,,,,
Indiana Business College-Columbus,,,,,
Indiana Business College-Evansville,,,,,
Indiana Business College-Ft Wayne,,,,,
Indiana Business College-Indianapolis,,,,,
Indiana Business College-Lafayette,,,,,
Indiana Business College-Marion,,,,,
Indiana Business College-Medical,,,,,
Indiana Business College-Muncie,,,,,
Indiana Business College-Terre Haute,,,,,
Indiana University-Southeast,,,,,
Institute Of American Indian And Alaska Native Culture,,,,,
International Academy Of Design And Technology,,,,,
Iowa Lakes Cmty Clg-Esthervlle,,,,,
Iowa Wesleyan College,,,,,
Isothermal Community College,,,,,
Itasca Community College,,,,,
Iverson Business School And Court Reporting,,,,,
Ivy Tech Cmty Clg Ctrl Office,,,,,
Ivy Tech Community College-Bloominton,,,,,
Ivy Tech Community College-Columbus,,,,,
Ivy Tech Community College-East Central,,,,,
Ivy Tech Community College-Kokomo,,,,,
Ivy Tech Community College-Lafayette,,,,,
Ivy Tech Community College-Northcentral,,,,,
Ivy Tech Community College-Northeast,,,,,
Ivy Tech Community College-Northwest,,,,,
Ivy Tech Community College-South Central,,,,,
Ivy Tech Community College-Southeast,,,,,
Ivy Tech Community College-Southwest,,,,,
Ivy Tech Community College-Wabash Valley,,,,,
Ivy Tech Community College-Whitewater,,,,,
Idaho State University-Pocatello,,,,,
Illinois Central College-East Peoria,,,,,
Illinois Institute Of Technology,,,,,
Illinois State University,,,,,
Illinois Valley Community College,,,,,
Illinois Wesleyan University,,,,,
Immaculata University,,,,,
Imperial Valley College,,,,,
Indian Hills Community College,,,,,
Indian River Community College-Main,,,,,
Indiana State University,,,,,
Indiana Tech,,,,,
Indiana Univ/Purdue Univ At In,,,,,
Indiana University,,,,,
Indiana University Northwest,,,,,
Indiana University Purdue - Fort Wayne,,,,,
Indiana University Of Pennsylvania,,,,,
Inver Hills Community College,,,,,
Iowa Central Community College,,,,,
Iowa Lakes Community College Office,,,,,
Iowa State University,,,,,
Iowa Western Community College,,,,,
Iowa Western Community College,,,,,
Irvine Valley College,,,,,
Itawamba Community College-Fulton,,,,,
Ithaca College,,,,,
Ivy Tech Cmty Clg - Indianapolis,,,,,
J F Drake State Technical College,,,,,
J South Reynolds Community College,,,,,
Jacksonville College-Main Campus,,,,,
James A Rhodes State College,,,,,
James Sprunt Community College,,,,,
Jamestown Cmty Clg-Jamestown,,,,,
Jarvis Christian College,,,,,
Jefferson Cmty Tech Clg-Sw,,,,,
Jefferson College Of Health Sciences,,,,,
Jefferson Community College,,,,,
Jefferson Community College,,,,,
Jesuit School Of Theology At Berkeley,,,,,
Jewish Theological Seminary Of America,,,,,
John Wesley College,,,,,
Johnson & Wales University-Charlotte,,,,,
Johnson & Wales University-Denver,,,,,
Johnson Bible College,,,,,
Johnson College,,,,,
Jones College-Jacksonville,,,,,
Jones College-Miami Campus,,,,,
Judson College,,,,,
Jackson Community College,,,,,
Jackson State Community College,,,,,
Jackson State University,,,,,
Jacksonville State University,,,,,
Jacksonville University,,,,,
James Madison University,,,,,
Jamestown College,,,,,
Jefferson College,,,,,
Jefferson Community Tech College - Downtown,,,,,
Jefferson Community Tech College-Louis,,,,,
Jefferson Davis Community College-Brew,,,,,
Jefferson State Community College,,,,,
John A Logan College,,,,,
John Brown University,,,,,
John Carroll University,,,,,
John F Kennedy University,,,,,
John Jay College Of Criminal Just,,,,,
John Tyler Community College,,,,,
John Wood Community College,,,,,
Johns Hopkins University,,,,,
Johnson & Wales University,,,,,
Johnson C Smith University,,,,,
Johnson County Community College,,,,,
Johnson State College,,,,,
Johnston Community College,,,,,
Joliet Junior College,,,,,
Jones County Junior College,,,,,
Juniata College,,,,,
Kansas City Art Institute,,,,,
Kansas City University Of Medicine And Biosciences,,,,,
Kansas Wesleyan University,,,,,
Kaplan Career Institute-Icm Campus,,,,,
Kaplan Career Institute-San Antonio Campus,,,,,
Kaplan College-Merrillville,,,,,
Kaplan University-Davenport,,,,,
Katharine Gibbs School-Melville,,,,,
Katharine Gibbs School-New York City,,,,,
Kauai Community College,,,,,
Keiser University-Ft. Lauderdale,,,,,
Kent State University-Ashtabula Campus,,,,,
Kent State University-Geauga Campus,,,,,
Kent State University-Salem Campus,,,,,
Kent State University-Trumbull Campus,,,,,
Kentucky Cmty/Tech Clg System,,,,,
Kentucky Mountain Bible College,,,,,
Kettering College Of Medical Arts,,,,,
Kilgore College,,,,,
Kilian Community College,,,,,
King'S College,,,,,
Kirtland Community College,,,,,
Klamath Community College,,,,,
Knox College,,,,,
Kalamazoo College,,,,,
Kalamazoo Vly Community College-Tx Town,,,,,
Kankakee Community College,,,,,
Kansas City Kansas Community College,,,,,
Kansas State University,,,,,
Kapiolani Community College,,,,,
Kean University,,,,,
Kellogg Community College,,,,,
Kennebec Valley Community College,,,,,
Kennesaw State University,,,,,
Kent State University,,,,,
Kentucky State University,,,,,
Kentucky Wesleyan College,,,,,
Kenyon College,,,,,
Kettering University,,,,,
Keuka College,,,,,
Keystone College,,,,,
King College,,,,,
Kingsborough Community College,,,,,
Kirkwood Community College,,,,,
Kutztown University,,,,,
L E Fletcher Technical Community College,,,,,
Laboure College,,,,,
Lackawanna College,,,,,
Lagrange College,,,,,
Lake Area Technical Institute,,,,,
Lake Erie College,,,,,
Lake Michigan Clg-Napier Ave,,,,,
Lake Region State College,,,,,
Lamar Community College,,,,,
Lamar State College-Orange,,,,,
Lamar State College-Port Arthur,,,,,
Lambuth University,,,,,
Lancaster Bible College,,,,,
Landmark College,,,,,
Lassen Community College,,,,,
Lawrence Technological University,,,,,
Lawrence University,,,,,
Lb Wallace Cmty Clg-Macarthur,,,,,
Le Moyne-Owen College,,,,,
Lees-Mcrae College,,,,,
Lenoir Community College,,,,,
Lewis College Of Business,,,,,
Lexington College,,,,,
Lexington Theological Seminary,,,,,
Life University,,,,,
Linfield College-Portland Campus,,,,,
Little Priest Tribal College,,,,,
Livingstone College,,,,,
Lon Morris College,,,,,
Long Island Business Institute,,,,,
Long Island University-Brentwood,,,,,
Los Angeles County College Of Nursing And Allied Health,,,,,
Louisburg College,,,,,
Louisiana College,,,,,
Louisiana State University At Alexandria,,,,,
Louisiana State University-Shreveport,,,,,
Louisiana Tech College-Slidell,,,,,
Louisiana Technical College-Acadian Campus,,,,,
Louisiana Technical College-Alexandria Campus,,,,,
Louisiana Technical College-Ascension Campus,,,,,
Louisiana Technical College-Avoyelles Campus,,,,,
Louisiana Technical College-Bastrop Campus,,,,,
Louisiana Technical College-Baton Rouge Campus,,,,,
Louisiana Technical College-Charles B Coreil Campus,,,,,
Louisiana Technical College-Delta-Ouachita Campus,,,,,
Louisiana Technical College-Evangeline Campus,,,,,
Louisiana Technical College-Florida Parishes,,,,,
Louisiana Technical College-Folkes Campus,,,,,
Louisiana Technical College-Gulf Area Campus,,,,,
Louisiana Technical College-Hammond Area Branch Campus,,,,,
Louisiana Technical College-Huey P Long Campus,,,,,
Louisiana Technical College-Jefferson Campus,,,,,
Louisiana Technical College-Jumonville Memorial,,,,,
Louisiana Technical College-Lafayette Campus,,,,,
Louisiana Technical College-Lafourche Campus,,,,,
Louisiana Technical College-Lamar Salter Campus,,,,,
Louisiana Technical College-Mansfield Campus,,,,,
Louisiana Technical College-Morgan Smith Campus,,,,,
Louisiana Technical College-Natchitoches Campus,,,,,
Louisiana Technical College-North Central Campus,,,,,
Louisiana Technical College-Northeast La Campus,,,,,
Louisiana Technical College-Northwest Louisiana Campus,,,,,
Louisiana Technical College-Oakdale Campus,,,,,
Louisiana Technical College-River Parishes Campus,,,,,
Louisiana Technical College-Ruston Campus,,,,,
Louisiana Technical College-Sabine Valley Campus,,,,,
Louisiana Technical College-Shelby Jackson Campus,,,,,
Louisiana Technical College-Shreveport-Bossier Campus,,,,,
Louisiana Technical College-Sullivan Campus,,,,,
Louisiana Technical College-T H Harris Campus,,,,,
Louisiana Technical College-Tallulah Campus,,,,,
Louisiana Technical College-Teche Area Campus,,,,,
Louisiana Technical College-West Jefferson Campus,,,,,
Louisiana Technical College-Westside Campus,,,,,
Lower Columbia College,,,,,
Lurleen B Wallace Community College,,,,,
Luther Rice University,,,,,
Luther Seminary,,,,,
Lutheran School Of Theology At Chicago,,,,,
Lyon College,,,,,
La Roche College,,,,,
La Salle University,,,,,
La Sierra University,,,,,
Lab Institute Of Merchandising,,,,,
Labette Community College,,,,,
Lafayette College,,,,,
Lake City Community College,,,,,
Lake Erie College Osteopathic Med,,,,,
Lake Forest College,,,,,
Lake Superior College,,,,,
Lake Superior State University,,,,,
Lake Tahoe Community College,,,,,
Lake-Sumter Community College-Leesburg,,,,,
Lakeland College,,,,,
Lakeland Community College,,,,,
Lamar Institute Of Technology,,,,,
Lamar University,,,,,
Lander University,,,,,
Lane College,,,,,
Lane Community College,,,,,
Laney College,,,,,
Langston University,,,,,
Lanier Tech College-Oakwood,,,,,
Lansing Community College,,,,,
Laramie County Community College-Cheyen,,,,,
Laredo Community College,,,,,
Las Positas College,,,,,
Lasell College,,,,,
Lawson State Community College-Birmingh,,,,,
Le Moyne College,,,,,
Letourneau University,,,,,
Lebanon Valley College,,,,,
Lee College,,,,,
Lee University,,,,,
Leeward Community College,,,,,
Lehigh Carbon Community College,,,,,
Lehigh University,,,,,
Lenoir-Rhyne College,,,,,
Lesley University,,,,,
Lewis & Clark College,,,,,
Lewis & Clark Community College,,,,,
Lewis University,,,,,
Lewis-Clark State College,,,,,
Liberty University,,,,,
Limestone College,,,,,
Lincoln Land Community College,,,,,
Lincoln Memorial University,,,,,
Lincoln Trail College,,,,,
Lincoln University,,,,,
Lincoln University,,,,,
Lindenwood University,,,,,
Lindsey Wilson College,,,,,
Linfield College,,,,,
Linn Benton Community College,,,,,
Linn State Technical College,,,,,
Lipscomb University,,,,,
Loma Linda University,,,,,
Long Beach City College,,,,,
Long Island University,,,,,
Long Island University - Cw Post,,,,,
Long Island University Admin Office,,,,,
Longwood University,,,,,
Lorain County Community College,,,,,
Los Angeles City College,,,,,
Los Angeles Harbor College,,,,,
Los Angeles Mission College,,,,,
Los Angeles Southwest College,,,,,
Los Angeles Trade Tech College,,,,,
Los Angeles Valley College,,,,,
Los Medanos College,,,,,
Louisiana State University,,,,,
Louisiana State University At Eunice,,,,,
Louisiana Tech University,,,,,
Lourdes College,,,,,
Loyola College In Maryland,,,,,
Loyola Marymount University,,,,,
Loyola University - Lakeshore,,,,,
Loyola University-New Orleans,,,,,
Loyola University-Watertower,,,,,
Lubbock Christian University,,,,,
Luna Community College,,,,,
Luther College,,,,,
Luzerne County Community College,,,,,
Lycoming College,,,,,
Lynchburg College,,,,,
Lyndon State College,,,,,
Lynn University,,,,,
Maccormac College-Chicago,,,,,
Macmurray College,,,,,
Magnolia Bible College,,,,,
Maine College Of Art,,,,,
Maine Maritime Academy,,,,,
Manchester Community College,,,,,
Manhattan Christian College,,,,,
Manhattan School Of Music,,,,,
Manhattanville College,,,,,
Manor College,,,,,
Maranatha Baptist Bible College Inc,,,,,
Maria College Of Albany,,,,,
Marian Court College,,,,,
Marion Technical College,,,,,
Marlboro College,,,,,
Martin Community College,,,,,
Maryland Institute College Of Art,,,,,
Marymount College,,,,,
Massachusetts College Of Pharmacy & Health Science,,,,,
Massachusetts School Of Professional Psychology,,,,,
Mayland Community College,,,,,
Mayville State University,,,,,
Mccormick Theological Seminary,,,,,
Mcdowell Technical Community College,,,,,
Mcintosh College,,,,,
Mcpherson College,,,,,
Med Central College Of Nursing,,,,,
Medaille College,,,,,
Meharry Medical College,,,,,
Menlo College,,,,,
Mercy College Of Health Sciences,,,,,
Mercy College Of Northwest Ohio,,,,,
Meridian Community College,,,,,
Mesabi Range Community And Technical College,,,,,
Mesalands Community College,,,,,
Metropolitan Community College Area,,,,,
Metropolitan Community College-Blue River,,,,,
Metropolitan Community College-Longview,,,,,
Metropolitan Community College-Maple Woods,,,,,
Metropolitan Community College-Penn Valley,,,,,
Miami Intl University Art/Design,,,,,
Miami University-Hamilton,,,,,
Miami University-Middletown,,,,,
Miami-Dade College-Iac,,,,,
Michigan Theological Seminary,,,,,
Mid Michigan Community College,,,,,
Mid-America Christian University,,,,,
Mid-Plains Community College,,,,,
Middle Georgia College,,,,,
Middle Georgia Technical College,,,,,
Midland Lutheran College,,,,,
Midstate College,,,,,
Midwestern Univ-Downers Grove,,,,,
Miles Community College,,,,,
Milligan College,,,,,
Mineral Area College,,,,,
Minnesota West Cmty/Tech Clg,,,,,
Minot State Univ-Bottineau,,,,,
Mississippi Gulf Coast Community College,,,,,
Missouri College,,,,,
Missouri State University-West Plains,,,,,
Mitchell Community College,,,,,
Moberly Area Community College,,,,,
Mohawk Valley Community College-Utica Branch,,,,,
Monroe College-New Rochelle,,,,,
Montana State University-Billings,,,,,
Montana State University-Northern,,,,,
Montana State Univiversity-Billings-College Of Technology,,,,,
Montana Tech Of The University Of Montana,,,,,
Montana Tech-College Of Technology,,,,,
Montcalm Community College,,,,,
Montgomery Community College,,,,,
Montreat College,,,,,
Moraine Park Technical College,,,,,
Moravian Theological Seminary,,,,,
Morris College,,,,,
Mount Holyoke College,,,,,
Mount Marty College,,,,,
Mountain Empire Community College,,,,,
Mountain State College,,,,,
Mt Hood Community College,,,,,
Murray State College,,,,,
Musicians Institute,,,,,
Macalester College,,,,,
Macon State College,,,,,
Madison Area Technical College,,,,,
Madisonville Community College-Madisonv,,,,,
Madonna University,,,,,
Malcolm X College,,,,,
Malone College,,,,,
Manatee Community College,,,,,
Manchester College,,,,,
Manchester Community College,,,,,
Manhattan College,,,,,
Mansfield University,,,,,
Marian College,,,,,
Marian College,,,,,
Marietta College,,,,,
Marquette University,,,,,
Mars Hill College,,,,,
Marshall Community-Technical College,,,,,
Marshall University,,,,,
Marshalltown Community College,,,,,
Martin Methodist College,,,,,
Martin University,,,,,
Marygrove College,,,,,
Marylhurst University,,,,,
Marymount Manhattan College,,,,,
Maryville College,,,,,
Maryville University Of Saint Louis,,,,,
Marywood University,,,,,
Mass College Of Liberal Arts,,,,,
Massachusetts Bay Community College,,,,,
Massachusetts Institute Of Technology,,,,,
Massasoit Community College-Brockton,,,,,
Master'S College And Seminary,,,,,
Maui Community College,,,,,
Maysville Community/Tech College-Maysv,,,,,
Mcmurry University,,,,,
Mcneese State University,,,,,
Mcdaniel College,,,,,
Mckendree College,,,,,
Mclennan Community College,,,,,
Medgar Evers College,,,,,
Medical College Of Georgia,,,,,
Mendocino College,,,,,
Merced College,,,,,
Mercer University,,,,,
Mercy College-Dobbs Ferry,,,,,
Mercyhurst College,,,,,
Meredith College,,,,,
Merrimack College,,,,,
Merritt College,,,,,
Mesa Community College,,,,,
Mesa State College,,,,,
Messiah College,,,,,
Methodist University,,,,,
Metropolitan St College Of Denver,,,,,
Metropolitan State University,,,,,
Miami University-Oxford,,,,,
Miami-Dade Clg-Kendall,,,,,
Miami-Dade College - North,,,,,
Miami-Dade College-Wolfson,,,,,
Michigan State University,,,,,
Michigan Technological University,,,,,
Mid Continent University,,,,,
Mid South Community College,,,,,
Midamerica Nazarene University,,,,,
Middle Tennessee State University,,,,,
Middlebury College,,,,,
Middlesex Community College,,,,,
Middlesex Community College,,,,,
Midland College,,,,,
Midlands Technical College,,,,,
Midwestern State University,,,,,
Miles College,,,,,
Millersville University,,,,,
Millikin University,,,,,
Mills College,,,,,
Millsaps College,,,,,
Milwaukee Area Tech College,,,,,
Milwaukee School Of Engineering,,,,,
Minneapolis Community/Technical College,,,,,
Minnesota School Of Bus-Richfield,,,,,
Minnesota St College-So East Tech,,,,,
Minnesota St Community/Tech-Fergus,,,,,
Minnesota State University Moorhead,,,,,
Minnesota State University-Mankato,,,,,
Minnesota West Community/Technical College,,,,,
Minot State University,,,,,
Miracosta College-Oceanside,,,,,
Misericordia University,,,,,
Mission College,,,,,
Mississippi College,,,,,
Mississippi State University,,,,,
Mississippi University For Women,,,,,
Mississippi Valley State University,,,,,
Missouri Baptist University,,,,,
Missouri Southern State University,,,,,
Missouri State University,,,,,
Missouri Valley College,,,,,
Missouri Western State College,,,,,
Mitchell College,,,,,
Modesto Junior College-East,,,,,
Mohave Community College-Kingman,,,,,
Monroe College,,,,,
Monroe Community College-Rochester,,,,,
Monroe County Community College,,,,,
Montana St University College Of Tech,,,,,
Montana State University,,,,,
Montclair State University,,,,,
Monterey Peninsula College,,,,,
Montgomery College,,,,,
Montgomery College - Rockville,,,,,
Moorpark College,,,,,
Moraine Park Technical College,,,,,
Morehead State University,,,,,
Morehouse College,,,,,
Morgan Community College,,,,,
Morgan State University,,,,,
Morningside College,,,,,
Morton College,,,,,
Motlow State Community College,,,,,
Mott Community College,,,,,
Mount Ida College,,,,,
Mount Mary College,,,,,
Mount Mercy College,,,,,
Mount Olive College,,,,,
Mount Saint Mary College,,,,,
Mount St Marys College,,,,,
Mount St Marys University,,,,,
Mount Union College,,,,,
Mount Vernon Nazarene University,,,,,
Mount Wachusett Community College,,,,,
Mountain View College,,,,,
Mt San Antonio College,,,,,
Mt San Jacinto College,,,,,
Muhlenberg College,,,,,
Murray State University,,,,,
Muskegon Community College,,,,,
Muskingum College,,,,,
N Virginia Community College - Annandale,,,,,
Nash Community College,,,,,
National American University-Albuquerque,,,,,
National American University-Bloomington,,,,,
National American University-Colorado Springs,,,,,
National American University-Denver,,,,,
National American University-Ellsworth Afb Extension,,,,,
National American University-Independence,,,,,
National American University-Overland Park,,,,,
National American University-Rapid City,,,,,
National American University-Rio Rancho,,,,,
National American University-Roseville,,,,,
National American University-Sioux Falls,,,,,
National College Of Business And Technology-Nashville,,,,,
Nazarene Bible College,,,,,
Nebraska Christian College,,,,,
Nebraska College Of Technical Agriculture,,,,,
Nebraska Indian Community College,,,,,
Neosho County Community College,,,,,
New Brunswick Theological Seminary,,,,,
New College Of California,,,,,
New Mexico Junior College,,,,,
New Mexico Military Institute,,,,,
New Mexico State University-Alamogordo,,,,,
New Mexico State University-Carlsbad,,,,,
New Mexico State University-Dona Ana,,,,,
New Mexico State University-Grants,,,,,
New York Theological Seminary,,,,,
Newschool Of Architecture And Design,,,,,
Nhti-Concord'S Community College,,,,,
North Carolina School Of The Arts,,,,,
North Central Kansas Technical College,,,,,
North Central Missouri College,,,,,
North Central State College,,,,,
North Central University,,,,,
North Dakota State College Of Science,,,,,
North Florida Community College,,,,,
Northampton County Area Community College-Monroe,,,,,
Northeast Mississippi Community College,,,,,
Northeastern Oklahoma A&M College,,,,,
Northeastern Technical College,,,,,
Northern Baptist Theo Seminary,,,,,
Northern Maine Community College,,,,,
Northern Oklahoma College,,,,,
Northland College,,,,,
Northland Community And Technical College,,,,,
Northland Pioneer Clg-Paint De,,,,,
Northwest Christian College,,,,,
Northwest College,,,,,
Northwest College Of Art,,,,,
Northwest Indian College,,,,,
Northwest State Community College,,,,,
Northwest Technical Institute,,,,,
Northwestern Business College-Southwestern Campus,,,,,
Northwestern Michigan College,,,,,
Northwestern Technical College,,,,,
Northwood University-Florida Education Center,,,,,
Northwood University-Texas,,,,,
Nunez Community College,,,,,
Ny Institute Of Tech-Islip,,,,,
Napa Valley College,,,,,
Nashua Community College,,,,,
Nashville State Community College-Nash,,,,,
Nassau Community College,,,,,
National College,,,,,
National College Of Bus Tech-Roano,,,,,
National Park Community College,,,,,
National University,,,,,
National-Louis University,,,,,
Naugatuck Valley Community College,,,,,
Navarro College,,,,,
Nebraska Wesleyan University,,,,,
Neumann College,,,,,
New England College,,,,,
New England Institute Of Technology,,,,,
New England School Of Law,,,,,
New Jersey City University,,,,,
New Jersey Institute Of Technology,,,,,
New Mexico Highlands University,,,,,
New Mexico State University,,,,,
New Mexico Tech,,,,,
New Orleans Baptist Theo Sem,,,,,
New River Community College,,,,,
New School University,,,,,
New York Cty College Of Technology,,,,,
New York Law School,,,,,
New York University,,,,,
Newberry College,,,,,
Newbury College,,,,,
Newman University,,,,,
Niagara County Community College,,,,,
Niagara University,,,,,
Nicholls State University,,,,,
Nichols College,,,,,
Normandale Community College,,,,,
North Arkansas College,,,,,
North Carolina A&T State University,,,,,
North Carolina State University,,,,,
North Carolina Wesleyan College,,,,,
North Central Michigan College,,,,,
North Central Texas College-Gainsv,,,,,
North Dakota State University,,,,,
North Georgia College/State University,,,,,
North Georgia Tech College-Clarkesvill,,,,,
North Hennepin Community College,,,,,
North Idaho College,,,,,
North Iowa Area Community College,,,,,
North Lake College,,,,,
North Metro Technical College,,,,,
North Park University,,,,,
North Seattle Community College,,,,,
North Shore Community College,,,,,
North Virginia Community College-Alexandria,,,,,
Northampton Community College-Bethlehem,,,,,
Northcentral University,,,,,
Northeast Alabama Community College,,,,,
Northeast Community College,,,,,
Northeast Iowa Community College-Calmar,,,,,
Northeast State Tech Community College,,,,,
Northeast Texas Community College,,,,,
Northeast Wisconsin Tech College,,,,,
Northeastern Illinois University,,,,,
Northeastern Junior College,,,,,
Northeastern State University,,,,,
Northeastern University,,,,,
Northern Arizona University,,,,,
Northern Essex Community College,,,,,
Northern Illinois University,,,,,
Northern Kentucky University,,,,,
Northern Michigan University,,,,,
Northern New Mexico College,,,,,
Northwest Arkansas Community College,,,,,
Northwest Iowa Community College,,,,,
Northwest Missouri State University,,,,,
Northwest Nazarene University,,,,,
Northwest Technical College - Bemidji,,,,,
Northwest Vista College,,,,,
Northwestern College,,,,,
Northwestern Ct Community College,,,,,
Northwestern Ok St University-Alva,,,,,
Northwestern Polytechnic University,,,,,
Northwestern State University,,,,,
Northwestern University,,,,,
Northwood University-Michigan,,,,,
Norwalk Community College,,,,,
Norwich University,,,,,
Notre Dame College Of Ohio,,,,,
Notre Dame De Namur University,,,,,
Nova Southeastern University,,,,,
Nw Mississippi Community College,,,,,
Nw Shoals Community College-Shoals,,,,,
Nyack College,,,,,
Oak Hills Christian College,,,,,
Oglethorpe University,,,,,
Ohio Institute Of Photography And Technology,,,,,
Ohio State University Agricultural Technical Institute,,,,,
Ohio State University-Lima Campus,,,,,
Ohio State University-Main Campus,,,,,
Ohio State University-Mansfield Campus,,,,,
Ohio State University-Marion Campus,,,,,
Ohio University-Chillicothe Campus,,,,,
Ohio University-Eastern Campus,,,,,
Ohio University-Lancaster Campus,,,,,
Ohio University-Southern Campus,,,,,
Ohio University-Zanesville Campus,,,,,
Ohio Valley University,,,,,
Oklahoma Panhandle State University,,,,,
Oklahoma State University-Oklahoma City,,,,,
Oklahoma State University-Okmulgee,,,,,
Oklahoma Wesleyan University,,,,,
Olympic College-Bremerton,,,,,
Orangeburg Calhoun Technical College,,,,,
Oregon Coast Community College,,,,,
Oregon Health & Science University,,,,,
Oregon State Univ-Cascades,,,,,
Otero Junior College,,,,,
Otis College Of Art And Design,,,,,
Ottawa University-Kansas City,,,,,
Ottawa University-Milwaukee,,,,,
Ottawa University-Ottawa,,,,,
Ottawa University-Phoenix,,,,,
Ozarka College,,,,,
Oakland City University-Oakland City,,,,,
Oakland Community College Dist,,,,,
Oakland University,,,,,
Oakton Community College-Des Plaine,,,,,
Oakwood College,,,,,
Oberlin College,,,,,
Occidental College,,,,,
Odessa College,,,,,
Ogden-Weber Applied Tech College,,,,,
Ogeechee Technical College,,,,,
Ohio Dominican University,,,,,
Ohio Northern University,,,,,
Ohio State University - Newark,,,,,
Ohio University,,,,,
Ohio Wesleyan University,,,,,
Ohlone College,,,,,
Okaloosa-Walton College,,,,,
Oklahoma Baptist University,,,,,
Oklahoma Christian University,,,,,
Oklahoma City Community College,,,,,
Oklahoma City University,,,,,
Oklahoma State University,,,,,
Old Dominion University,,,,,
Olivet College,,,,,
Olivet Nazarene University,,,,,
Olney Central College,,,,,
Oral Roberts University,,,,,
Orange Coast College,,,,,
Orange County Community College,,,,,
Oregon Institute Of Technology,,,,,
Oregon State University,,,,,
Otterbein College,,,,,
Ouachita Baptist University,,,,,
Ouachita Technical College,,,,,
Our Lady Of Holy Cross College,,,,,
Our Lady Of The Lake College,,,,,
Our Lady Of The Lake University,,,,,
Owens Community College,,,,,
Owensboro Community & Technical College,,,,,
Oxnard College,,,,,
Ozarks Technical Community College,,,,,
Pacific Lutheran University,,,,,
Paine College,,,,,
Palmer College Of Chiropractic,,,,,
Palmer College Of Chiropractic-West,,,,,
Pamlico Community College,,,,,
Panola College,,,,,
Paris Junior College,,,,,
Patten University,,,,,
Paul D Camp Community College,,,,,
Paul Quinn College,,,,,
Paul Smiths College Of Arts And Science,,,,,
Peace College,,,,,
Pennsylvania State University-Delaware County,,,,,
Pennsylvania State University-Penn State Fayette- Eberly Campus,,,,,
Pennsylvania State University-Penn State Great Valley,,,,,
Pennsylvania State University-Penn State Hazleton,,,,,
Pennsylvania State University-Penn State Mont Alto,,,,,
Pennsylvania State University-Penn State Wilkes-Barre,,,,,
Pennsylvania State University-Penn State Worthington Scranton,,,,,
Pennsylvania State University-Penn State York,,,,,
Pensacola Jr Clg-Warrington,,,,,
Philadelphia Biblical University-Langhorne,,,,,
Philander Smith College,,,,,
Piedmont Baptist College And Graduate School,,,,,
Piedmont Community Clg-Person,,,,,
Pima Community Clg-Desert Vist,,,,,
Pima Medical Institute-Mesa,,,,,
Pima Medical Institute-Seattle,,,,,
Pine Manor College,,,,,
Pine Technical College,,,,,
Pioneer Pacific College,,,,,
Pittsburgh Institute Of Mortuary Science Inc,,,,,
Pittsburgh Technical Institute,,,,,
Pittsburgh Theological Seminary,,,,,
Pitzer College,,,,,
Platt College-Lawton,,,,,
Platt College-Los Angeles,,,,,
Platt College-San Diego,,,,,
Polytechnic University,,,,,
Pontifical College Josephinum,,,,,
Portland Cmty Clg-Rock Creek,,,,,
Pratt Community College,,,,,
Prince William Sound Community College,,,,,
Principia College,,,,,
Pace University,,,,,
Pace University - Westchester,,,,,
Pacific Union College,,,,,
Pacific University,,,,,
Palm Beach Atlantic University,,,,,
Palm Beach Community College-Central,,,,,
Palo Alto College,,,,,
Palo Verde College,,,,,
Palomar College,,,,,
Paradise Valley Community College,,,,,
Park University,,,,,
Pasadena City College,,,,,
Pasco-Hernando Community College Dist,,,,,
Pearl River Community College,,,,,
Peirce College,,,,,
Pellissippi St Tech Community College,,,,,
Peninsula College,,,,,
Penn St University Abbington College,,,,,
Penn State Erie - Behrend College,,,,,
Penn State University - Altoona College,,,,,
Penn State University - Berks-Leigh V College,,,,,
Penn State University - Harrisburg,,,,,
Pennsylvania College Of Technology,,,,,
Pennsylvania Highland Community College,,,,,
Pennsylvania Institute Of Tech,,,,,
Pennsylvania State University,,,,,
Pepperdine University,,,,,
Peru State College,,,,,
Pfeiffer University,,,,,
Philadelphia University,,,,,
Phillips Community College-Helena,,,,,
Phoenix College,,,,,
Piedmont College-Demorest,,,,,
Pierce College,,,,,
Pierce College - Puyallup,,,,,
Pierce College-Fort Steilacoom,,,,,
Pikes Peak Community College,,,,,
Pikeville College,,,,,
Pima Community College District,,,,,
Pittsburg State University,,,,,
Plymouth State University,,,,,
Point Loma Nazarene University,,,,,
Point Park University,,,,,
Polk Community College-Winter Haven,,,,,
Pomona College,,,,,
Porterville College,,,,,
Portland Community College-Sylvania,,,,,
Portland State University,,,,,
Post University,,,,,
Prairie State College,,,,,
Prairie View A & M University,,,,,
Pratt Institute,,,,,
Presbyterian College,,,,,
Presentation College,,,,,
Prince Georges Community College,,,,,
Princeton University,,,,,
Providence College,,,,,
Pueblo Community College,,,,,
Pulaski Technical College,,,,,
Purdue University,,,,,
Purdue University - Calumet,,,,,
Queens University Of Charlotte,,,,,
Quincy College-Quincy,,,,,
Quinebaug Valley Community College,,,,,
Quinnipiac University,,,,,
Quinsigamond Community College,,,,,
Rainy River Community College,,,,,
Randolph Community College,,,,,
Randolph-Macon College,,,,,
Ranger College,,,,,
Rasmussen College-Eagan,,,,,
Rasmussen College-Eden Prairie,,,,,
Rasmussen College-Mankato,,,,,
Redlands Community College,,,,,
Reid State Tech Clg-Evergreen,,,,,
Remington College-San Diego Campus,,,,,
Rend Lake College,,,,,
Reuben-Allen College,,,,,
Rich Mountain Community College,,,,,
Richmond Community College,,,,,
Ringling College Of Art And Design,,,,,
Rio Salado College,,,,,
Roanoke-Chowan Community College,,,,,
Roberts Wesleyan College,,,,,
Robeson Community College,,,,,
Rockingham Community College,,,,,
Rocky Mountain College,,,,,
Rush University,,,,,
Russell Sage College,,,,,
Rust College,,,,,
Radford University,,,,,
Ramapo College,,,,,
Ranken Technical College,,,,,
Raritan Valley Community College,,,,,
Rasmussen College-St Cloud,,,,,
Reading Area Community College,,,,,
Red Rocks Community College,,,,,
Reed College,,,,,
Reedley College,,,,,
Regent University,,,,,
Regis College,,,,,
Regis University-Denver,,,,,
Reinhardt College,,,,,
Rensselaer Polytechnic Institute,,,,,
Rhode Island College,,,,,
Rhode Island School Of Design,,,,,
Rhodes College,,,,,
Rice University,,,,,
Richard Stockton College Of Nj,,,,,
Richland College,,,,,
Richland Community College,,,,,
Rider University,,,,,
Ridgewater College,,,,,
Rio Hondo College,,,,,
Ripon College,,,,,
River Parishes Community College,,,,,
Riverside Community College,,,,,
Rivier College,,,,,
Roane State Community College,,,,,
Roanoke College,,,,,
Robert Morris University,,,,,
Rochester College,,,,,
Rochester Community & Technical College,,,,,
Rochester Institute Of Tech,,,,,
Rock Valley College,,,,,
Rockford College,,,,,
Rockhurst University,,,,,
Rockland Community College,,,,,
Roger Williams University,,,,,
Rogers State University-Claremore,,,,,
Rogue Community College-Redwood,,,,,
Rollins College,,,,,
Roosevelt University,,,,,
Rosalind Franklin University Med/Sci,,,,,
Rose State College,,,,,
Rose-Hulman Institute Of Technology,,,,,
Rowan University,,,,,
Rowan-Cabarrus Community College-North,,,,,
Rutgers The State University Of Nj,,,,,
Rutgers University,,,,,
Rutgers University,,,,,
Saint Augustine College,,,,,
Saint Catharine College,,,,,
Saint Gregorys University,,,,,
Saint Johns University,,,,,
Saint Louis University-Main Campus,,,,,
Saint Paul School Of Theology,,,,,
Saint Paul'S College,,,,,
Salem College,,,,,
Salish Kootenai College,,,,,
Salt Lake Cmty Clg-South City,,,,,
Sampson Community College,,,,,
San Antonio Clg Med/Dent Asst,,,,,
San Diego Christian College,,,,,
San Francisco Theological Seminary,,,,,
San Jacinto Clg Dist System,,,,,
San Juan Basin Technical College,,,,,
Sandersville Technical College,,,,,
Sanford Brown Clg-Fenton,,,,,
Schiller International University,,,,,
Scripps College,,,,,
Se Baptist Theological Sem,,,,,
Sheldon Jackson College,,,,,
Shelton State Cmty Clg-Fredd,,,,,
Sheridan College,,,,,
Shoreline Cmty College-Seattle,,,,,
Silver Lake College,,,,,
Simpson University,,,,,
Sinte Gleska University,,,,,
Sisseton-Wahpeton Cmty College,,,,,
Sitting Bull College,,,,,
Skagit Valley College,,,,,
Snow College-Ephraim,,,,,
South College,,,,,
South Georgia Technical College,,,,,
South Hills School Of Business And Technology,,,,,
South Puget Sound Community College,,,,,
South University-Montgomery,,,,,
South University-Palm Beach,,,,,
Southeast Kentucky Community And Technical College,,,,,
Southeastern Bible College,,,,,
Southeastern Community College,,,,,
Southeastern Technical College,,,,,
Southeastern University,,,,,
Southern California University Of Health Sciences,,,,,
Southern Illinois University Edwardsville,,,,,
Southern State Community College,,,,,
Southern University At Shreveport,,,,,
Southern Vermont College,,,,,
Southern Virginia University,,,,,
Southern West Virginia Community And Technical College,,,,,
Southwest College Of Naturopathic Medicine & Health Sciences,,,,,
Southwest Collegiate Institute For The Deaf,,,,,
Southwest Florida College,,,,,
Southwest Georgia Technical College,,,,,
Southwest Mississippi Community College,,,,,
Southwest Texas Junior College,,,,,
Southwest Virginia Community College,,,,,
Southwestern Adventist University,,,,,
Southwestern Christian College,,,,,
Southwestern Christian University,,,,,
Southwestern Clg Of Business,,,,,
Southwestern College,,,,,
Southwestern College,,,,,
Southwestern College,,,,,
Southwestern Community College,,,,,
Southwestern Indian Polytechnic Institute,,,,,
Southwestern Michigan College,,,,,
Southwestern Oregon Community College,,,,,
Spartan College Of Aeronautics And Technology,,,,,
Spartanburg Methodist College,,,,,
Spokane Community College,,,,,
St Andrews Presbyterian College,,,,,
St Clair County Community College,,,,,
St Joseph'S College Of Nursing At St Joseph'S Hospital Health Center,,,,,
St Vincent'S College,,,,,
St. John'S Seminary,,,,,
St. Mary'S Seminary & University,,,,,
Stanly Community College,,,,,
Starr King School For Ministry,,,,,
State Fair Community College,,,,,
Sterling College,,,,,
Stevens-Henager College Of Business-Provo,,,,,
Stevens-Henager College-Ogden,,,,,
Stillman College,,,,,
Stone Academy,,,,,
Stone Child College,,,,,
Strayer University-Takoma Park,,,,,
Sullivan County Community College,,,,,
Suny Alfred State College,,,,,
Suny Brockport,,,,,
Suny Canton,,,,,
Suny Cobleskill,,,,,
Suny College At Old Westbury,,,,,
Suny College At Oneonta,,,,,
Suny College At Plattsburgh,,,,,
Suny College At Potsdam,,,,,
Suny College At Purchase,,,,,
Suny College Of Env Sci/Forestry,,,,,
Suny Cortland College,,,,,
Suny Delhi College Of Tech,,,,,
Suny Erie Community College,,,,,
Suny Health Science Center At Syracuse,,,,,
Suny Institute Of Technology,,,,,
Suny Maritime College,,,,,
Suny Morrisville College Of Technology,,,,,
Suny Oswego,,,,,
Suny Stony Brook University,,,,,
Suny University At Albany,,,,,
Suny At Binghamton,,,,,
Surry Community College,,,,,
Swainsboro Technical College,,,,,
Sacramento City College,,,,,
Sacred Heart University,,,,,
Saddleback College,,,,,
Sage College Of Albany,,,,,
Saginaw Valley State University,,,,,
Saint Anselm College,,,,,
Saint Joseph'S University,,,,,
Saint Leo University,,,,,
Saint Louis University,,,,,
Saint Mary'S College,,,,,
Saint Mary'S University Of Minnesota,,,,,
Saint Marys College Of California,,,,,
Saint Michaels College,,,,,
Saint Paul College,,,,,
Saint Peters College,,,,,
Saint Vincent College,,,,,
Salem Community College,,,,,
Salem State College,,,,,
Salisbury University,,,,,
Salt Lake Community College-Redwood,,,,,
Sam Houston State University,,,,,
Samford University,,,,,
San Antonio College,,,,,
San Bernardino Valley College,,,,,
San Diego City College,,,,,
San Diego Mesa College,,,,,
San Diego Miramar College,,,,,
San Diego St University-San Diego,,,,,
San Diego State University - Imperial Valley,,,,,
San Francisco State University,,,,,
San Jacinto College - South,,,,,
San Jacinto College-Central,,,,,
San Joaquin Delta College,,,,,
San Jose City College,,,,,
San Jose State University,,,,,
San Juan College,,,,,
Sandhills Community College,,,,,
Santa Ana College,,,,,
Santa Barbara City College,,,,,
Santa Clara University,,,,,
Santa Fe Community College,,,,,
Santa Monica College,,,,,
Santa Rosa Junior College,,,,,
Santiago Canyon College,,,,,
Sauk Valley Community College,,,,,
Savannah College Of Art And Design,,,,,
Savannah State University,,,,,
Savannah Technical College-Savanna,,,,,
Schenectady County Community College,,,,,
School Of Museum Of Fine Arts,,,,,
School Of The Art Institute Of Chicago,,,,,
Schoolcraft College,,,,,
Schreiner University,,,,,
Scottsdale Community College,,,,,
Seattle Pacific University,,,,,
Seminole Community College-Sanford,,,,,
Seminole State University,,,,,
Seton Hall University,,,,,
Seton Hill University,,,,,
Sewanee: The University Of The South,,,,,
Seward County Community College,,,,,
Shasta College,,,,,
Shaw University,,,,,
Shawnee State University,,,,,
Shelton State Community College-Martin,,,,,
Shenandoah University,,,,,
Shepherd University,,,,,
Shippensburg University Of Penn,,,,,
Shorter College,,,,,
Siena College,,,,,
Siena Heights University,,,,,
Sierra College-Rocklin,,,,,
Sierra Nevada College,,,,,
Simmons College,,,,,
Simpson College,,,,,
Sinclair Community College,,,,,
Skidmore College,,,,,
Skyline College,,,,,
Slippery Rock University,,,,,
Smith College,,,,,
Snead State Community College,,,,,
So Union State Community College-Wadley,,,,,
Solano Community College,,,,,
Somerset Community College,,,,,
Sonoma State University,,,,,
South Arkansas Community College,,,,,
South Carolina State University,,,,,
South Central Tech College-Mankato,,,,,
South Dakota School Of Mines-Tech,,,,,
South Florida Community College-Highlan,,,,,
South Georgia College,,,,,
South Louisiana Community College-Lafay,,,,,
South Mountain Community College,,,,,
South Piedmont Community College,,,,,
South Plains College,,,,,
South Texas Community College - Pecan,,,,,
South University,,,,,
South University - Savannah,,,,,
South West Assemblies Of God University,,,,,
Southeast Arkansas College,,,,,
Southeast Community College,,,,,
Southeast Missouri State University,,,,,
Southeast Technical Institute,,,,,
Southeastern Community College,,,,,
Southeastern Louisiana University,,,,,
Southeastern Oklahoma St University,,,,,
Southeastern University,,,,,
Southern Adventist University,,,,,
Southern Arkansas University,,,,,
Southern Arkansas University Tech,,,,,
Southern Connecticut State University,,,,,
Southern Illinois University,,,,,
Southern Maine Community College,,,,,
Southern Methodist University,,,,,
Southern Nazarene University,,,,,
Southern New Hampshire University,,,,,
Southern Oregon University,,,,,
Southern Polytechnic State University,,,,,
Southern University A&M College,,,,,
Southern University At New Orleans,,,,,
Southern Utah University,,,,,
Southern Wesleyan University,,,,,
Southwest Baptist University,,,,,
Southwest Minnesota State University,,,,,
Southwest Tenn Community College-Macon,,,,,
Southwestern College,,,,,
Southwestern Community College,,,,,
Southwestern Ill College-Bell,,,,,
Southwestern Oklahoma St University,,,,,
Sowela Technical Community College,,,,,
Spelman College,,,,,
Spokane Falls Community College,,,,,
Spring Hill College,,,,,
Springfield College,,,,,
Springfield Tech Community College,,,,,
St Ambrose University,,,,,
St Augustines College,,,,,
St Bonaventure University,,,,,
St Charles Community College,,,,,
St Edwards University,,,,,
St John Fisher College,,,,,
St John'S College/College Prof Studies,,,,,
St John'S University,,,,,
St Joseph College,,,,,
St Joseph'S College,,,,,
St Josephs College,,,,,
St Josephs College,,,,,
St Lawrence University,,,,,
St Louis Community College - Florissant,,,,,
St Louis Community College - Forest Park,,,,,
St Louis Community College Center Off,,,,,
St Martins College,,,,,
St Mary Of The Woods College,,,,,
St Marys College Of Maryland,,,,,
St Olaf College,,,,,
St Philips College,,,,,
St Thomas Aquinas College,,,,,
St Thomas University,,,,,
St. Catherine University,,,,,
St. Cloud State University,,,,,
St. Cloud Technical & Community College,,,,,
St. Francis College,,,,,
St. Johns River State College,,,,,
St. Mary'S University,,,,,
St. Norbert College,,,,,
Stanford University,,,,,
Stark State College Of Technology,,,,,
Stephen F. Austin State University,,,,,
Stephens College,,,,,
Stetson University,,,,,
Stonehill College,,,,,
Suffolk Cmty Clg Ctrl Adm,,,,,
Suffolk Co Community College-Ammerman,,,,,
Suffolk University,,,,,
Sul Ross State University,,,,,
Susquehanna University,,,,,
Sw Baptist Theological Sem,,,,,
Swarthmore College,,,,,
Syracuse University,,,,,
Tabor College,,,,,
Tacoma Community College,,,,,
Talladega College,,,,,
Taylor University-Fort Wayne,,,,,
Technical Career Institutes,,,,,
Technical College Of The Lowcountry,,,,,
Temple College,,,,,
Tennessee Temple University,,,,,
Terra State Community College,,,,,
Texas A & M University At Galveston,,,,,
Texas A&M University System Office,,,,,
Texas College,,,,,
Texas St Technical Clg Sys Off,,,,,
Texas State Technical College-Harlingen,,,,,
Texas State Technical College-Marshall,,,,,
Texas State Technical College-Waco,,,,,
Texas State Technical College-West Texas,,,,,
Texas Tech University Health Sciences Center,,,,,
Thaddeus Stevens College Of Technology,,,,,
The Art Inst Of Atlanta,,,,,
The Art Inst Of Boston-Lesley,,,,,
The Art Inst Of Colorado,,,,,
The Art Inst Of Ft Lauderdale,,,,,
The Art Inst Of Phoenix,,,,,
The Art Inst Of Portland,,,,,
The Art Inst Of Washington,,,,,
The Art Institute Of Cincinnati,,,,,
The Art Institute Of Pittsburgh,,,,,
The Baptist College Of Florida,,,,,
The California St University Sys Off,,,,,
The College Of Idaho,,,,,
The Curtis Institute Of Music,,,,,
The Dickinson School Of Law Of The Pennsylvania State University,,,,,
The National Hispanic University,,,,,
The New Eng Institute Of Art,,,,,
The New England Conservatory Of Music,,,,,
The University Of Montana-Western,,,,,
The University Of Texas Of The Permian Basin,,,,,
Thomas University,,,,,
Three Rivers Community College,,,,,
Three Rivers Community College,,,,,
Tillamook Bay Community College,,,,,
Toccoa Falls College,,,,,
Tohono O'Odham Cmty College,,,,,
Tougaloo College,,,,,
Treasure Valley Community College,,,,,
Tri-County Community College,,,,,
Tri-State College Of Acupuncture,,,,,
Trident Tech College-Berkeley,,,,,
Trinidad State Junior College,,,,,
Trinity College Of Florida,,,,,
Trinity Law And Graduate School,,,,,
Trocaire College,,,,,
Troy University-Dothan,,,,,
Truett-Mcconnell College,,,,,
Trumbull Business College,,,,,
Tulane University Of Louisiana,,,,,
Tulsa Community College-West,,,,,
Turtle Mountain Community College,,,,,
Tusculum College,,,,,
Taft College,,,,,
Tallahassee Community College,,,,,
Tarleton State University,,,,,
Tarrant County College Dist,,,,,
Taylor University,,,,,
Teachers College,,,,,
Temple University,,,,,
Tennessee State University,,,,,
Tennessee Technological University,,,,,
Tennessee Wesleyan College,,,,,
Texarkana College,,,,,
Texas A & M University,,,,,
Texas A&M International University,,,,,
Texas A&M University - Commerce,,,,,
Texas A&M University - Corpus Christi,,,,,
Texas A&M University - Kingsville,,,,,
Texas Christian University,,,,,
Texas Lutheran University,,,,,
Texas Southern University,,,,,
Texas State University - San Marcos,,,,,
Texas Tech University,,,,,
Texas Wesleyan University,,,,,
Texas Woman'S University,,,,,
The Citadel,,,,,
The College Of New Jersey,,,,,
The Ohio State University,,,,,
The University Of Findlay,,,,,
The University Of Montana,,,,,
The University Of The Arts,,,,,
Thiel College,,,,,
Thomas College,,,,,
Thomas Jefferson University,,,,,
Thomas Jefferson University,,,,,
Thomas More College,,,,,
Thomas Nelson Community College,,,,,
Tidewater Community College-Norfolk,,,,,
Tiffin University,,,,,
Towson University,,,,,
Transylvania University,,,,,
Trevecca Nazarene University,,,,,
Tri-County Technical College,,,,,
Tri-State University,,,,,
Trident Technical College,,,,,
Trinity College,,,,,
Trinity College,,,,,
Trinity University,,,,,
Trinity Valley Community College,,,,,
Triton College,,,,,
Troy University - Montgomery,,,,,
Troy University - Troy,,,,,
Truckee Meadows Community College,,,,,
Truman State University,,,,,
Tufts University,,,,,
Tulane University,,,,,
Tunxis Community College,,,,,
Tuskegee University,,,,,
Tyler Junior College,,,,,
Uc Merced,,,,,
Uc Santa Cruz,,,,,
Umpqua Community College,,,,,
Unc Chapel Hill,,,,,
Unc Charlotte,,,,,
Unc Greensboro,,,,,
Unc Wilmington,,,,,
Union College,,,,,
Union College,,,,,
Union Institute & University,,,,,
United States Merchant Marine Academy,,,,,
Unity College In Maine,,,,,
University Of Advancing Technology,,,,,
University Of Akron Wayne College,,,,,
University Of Alaska Southeast,,,,,
University Of Alaska Statewide Sys,,,,,
University Of Arkansas At Monticello,,,,,
University Of Arkansas At Pine Bluff,,,,,
University Of Arkansas Community College-Batesville,,,,,
University Of Arkansas Community College-Hope,,,,,
University Of Arkansas Community College-Morrilton,,,,,
University Of Arkansas For Medical Sciences,,,,,
University Of Arkansas-Fort Smith,,,,,
University Of Cincinnati-Raymond Walters College,,,,,
University Of Colorado Hlth Sci Ctr,,,,,
University Of Connecticut-Avery Point,,,,,
University Of Connecticut-Stamford,,,,,
University Of Connecticut-Tri-Campus,,,,,
University Of Great Falls,,,,,
University Of Hawaii At Hilo,,,,,
University Of Hawaii-West Oahu,,,,,
University Of Illinois University Admin,,,,,
University Of Kansas Medical Center,,,,,
University Of Louisiana-Monroe,,,,,
University Of Maine At Augusta,,,,,
University Of Maine At Fort Kent,,,,,
University Of Maine At Machias,,,,,
University Of Maine At Presque Isle,,,,,
University Of Minnesota-Crookston,,,,,
University Of Minnesota-Morris,,,,,
University Of Miss Medical Center,,,,,
University Of Mobile,,,,,
University Of Montana-Helena College Of Technology,,,,,
University Of Nebraska Med Center,,,,,
University Of New Hampshire At Manchester,,,,,
University Of New Mexico-Gallup Campus,,,,,
University Of New Mexico-Los Alamos Campus,,,,,
University Of New Mexico-Main Campus,,,,,
University Of New Mexico-Taos Branch,,,,,
University Of North Carolina At Asheville,,,,,
University Of North Carolina At Pembroke,,,,,
University Of Northern Virginia,,,,,
University Of Oklahoma Health Sciences Center,,,,,
University Of Oklahoma Norman Campus,,,,,
University Of Pittsburgh-Bradford,,,,,
University Of Pittsburgh-Johnstown,,,,,
University Of Rochester,,,,,
University Of Saint Mary,,,,,
University Of South Carolina-Beaufort,,,,,
University Of South Carolina-Lancaster,,,,,
University Of South Carolina-Salkehatchie,,,,,
University Of South Carolina-Sumter,,,,,
University Of South Carolina-Union,,,,,
University Of The Ozarks,,,,,
University Of Washington-Bothell Campus,,,,,
University Of Washington-Tacoma Campus,,,,,
University Of Wisconsin Colleges,,,,,
University Of Wisconsin System Off,,,,,
University Of Wisconsin-Eau Claire,,,,,
University Of Wisconsin-La Crosse,,,,,
University Of Wisconsin-Platteville,,,,,
University Of Wisconsin-River Falls,,,,,
University Of Wisconsin-Stevens Point,,,,,
University Of Wisconsin-Superior,,,,,
University Of Wisconsin-Whitewater,,,,,
Union College,,,,,
Union University,,,,,
United States Naval Academy,,,,,
University At Buffalo,,,,,
University Of Akron,,,,,
University Of Alabama,,,,,
University Of Alabama,,,,,
University Of Alabama At Birmingham,,,,,
University Of Alaska,,,,,
University Of Alaska - Anchorage,,,,,
University Of Arizona,,,,,
University Of Arkansas - Little Rock,,,,,
University Of Arkansas-Fayetteville,,,,,
University Of Baltimore,,,,,
University Of Bridgeport,,,,,
University Of California,,,,,
University Of California,,,,,
University Of California,,,,,
University Of California - San Francisco,,,,,
"University Of California, Berkeley",,,,,
University Of California-Irvine,,,,,
University Of California-Riverside,,,,,
University Of California-San Diego,,,,,
University Of Central Arkansas,,,,,
University Of Central Florida,,,,,
University Of Central Missouri,,,,,
University Of Central Oklahoma,,,,,
University Of Charleston,,,,,
University Of Cincinnati,,,,,
University Of Colorado,,,,,
University Of Colorado Colorado Springs,,,,,
University Of Colorado Denver,,,,,
University Of Connecticut,,,,,
University Of Dallas,,,,,
University Of Dayton,,,,,
University Of Delaware,,,,,
University Of Denver,,,,,
University Of Detroit Mercy,,,,,
University Of District Of Columbia,,,,,
University Of Dubuque,,,,,
University Of Evansville,,,,,
University Of Florida,,,,,
University Of Georgia,,,,,
University Of Guam,,,,,
University Of Hartford,,,,,
University Of Hawaii,,,,,
University Of Houston,,,,,
University Of Houston - Clear Lake,,,,,
University Of Houston - Downtown,,,,,
University Of Houston - Victoria,,,,,
University Of Idaho,,,,,
University Of Illinois - Springfield,,,,,
University Of Illinois-Chicago,,,,,
University Of Illinois-Urbana Champ,,,,,
University Of Indianapolis,,,,,
University Of Iowa,,,,,
University Of Kansas,,,,,
University Of Kentucky,,,,,
University Of La Verne,,,,,
University Of Louisiana-Lafayette,,,,,
University Of Louisville,,,,,
University Of Maine,,,,,
University Of Maine,,,,,
University Of Mary,,,,,
University Of Mary Hardin-Baylor,,,,,
University Of Mary Washington,,,,,
University Of Maryland,,,,,
University Of Maryland Baltimore Cty,,,,,
University Of Maryland Eastern Shore,,,,,
"University Of Maryland, Baltimore",,,,,
University Of Maryland-University College,,,,,
University Of Mass - Dartmouth,,,,,
University Of Mass At Lowell,,,,,
University Of Massachusetts,,,,,
University Of Massachusetts,,,,,
University Of Memphis,,,,,
University Of Miami,,,,,
University Of Michigan,,,,,
University Of Michigan - Dearborn,,,,,
University Of Michigan -Flint,,,,,
University Of Minnesota - Duluth,,,,,
"University Of Minnesota, Twin Cities",,,,,
University Of Mississippi,,,,,
University Of Missouri,,,,,
University Of Missouri,,,,,
University Of Missouri-Kansas City,,,,,
University Of Missouri-Rolla,,,,,
University Of Montevallo,,,,,
University Of Nebraska,,,,,
University Of Nebraska At Kearney,,,,,
University Of Nebraska At Omaha,,,,,
"University Of Nevada, Las Vegas",,,,,
University Of Nevada-Reno,,,,,
University Of New England,,,,,
University Of New Hampshire,,,,,
University Of New Haven,,,,,
University Of New Mexico,,,,,
University Of New Mexico-Valencia,,,,,
University Of New Orleans,,,,,
University Of North Alabama,,,,,
University Of North Dakota,,,,,
University Of North Florida,,,,,
University Of North Texas,,,,,
University Of Northern Colorado,,,,,
University Of Northern Iowa,,,,,
University Of Northwestern Ohio,,,,,
University Of Notre Dame,,,,,
University Of Oklahoma,,,,,
University Of Oregon,,,,,
University Of Phoenix-Phoenix,,,,,
University Of Pittsburgh,,,,,
University Of Portland,,,,,
University Of Puget Sound,,,,,
University Of Redlands,,,,,
University Of Rhode Island,,,,,
University Of Richmond,,,,,
University Of Rio Grande,,,,,
University Of Saint Francis,,,,,
University Of San Diego,,,,,
University Of San Francisco,,,,,
University Of Sci/Arts Of Oklahoma,,,,,
University Of Scranton,,,,,
University Of Sioux Falls,,,,,
University Of So Maine-Portland,,,,,
University Of South Alabama,,,,,
University Of South Carolina,,,,,
University Of South Carolina - Aiken,,,,,
University Of South Carolina - Spartanburg,,,,,
University Of South Dakota,,,,,
University Of South Florida,,,,,
University Of Southern California,,,,,
University Of Southern Indiana,,,,,
University Of Southern Mississippi,,,,,
University Of St Francis,,,,,
University Of St Thomas,,,,,
University Of Tampa,,,,,
University Of Tennessee,,,,,
University Of Tennessee,,,,,
"University Of Tennessee, Martin",,,,,
University Of Texas,,,,,
University Of Texas Dallas,,,,,
University Of Texas - Brownsvillestc,,,,,
University Of Texas - Pan American,,,,,
University Of Texas At Austin,,,,,
University Of Texas At Tyler,,,,,
"University Of Texas, El Paso",,,,,
University Of Texas-Arlington,,,,,
University Of The Cumberlands,,,,,
University Of The Incarnate Word,,,,,
University Of The Pacific,,,,,
University Of Toledo,,,,,
University Of Tulsa,,,,,
University Of Utah,,,,,
University Of Vermont,,,,,
University Of Virginia,,,,,
University Of Washington-Seattle,,,,,
University Of West Alabama,,,,,
University Of West Florida,,,,,
University Of West Georgia,,,,,
University Of Wisconsin - Green Bay,,,,,
University Of Wisconsin - Oshkosh,,,,,
University Of Wisconsin - Parkside,,,,,
University Of Wisconsin-Madison,,,,,
University Of Wisconsin-Milwaukee,,,,,
University Of Wisconsin-Stout,,,,,
University Of Wyoming,,,,,
Upper Iowa University,,,,,
Urbana University,,,,,
Ursinus College,,,,,
Ursuline College,,,,,
Us Air Force Academy,,,,,
Utah State University,,,,,
Utah Valley State College,,,,,
Utica College,,,,,
Valley Forge Christian College,,,,,
Valley Forge Military College,,,,,
Valley Medical College,,,,,
Vance-Granville Community College,,,,,
Vermilion Community College,,,,,
Vernon College-Vernon,,,,,
Virginia College-Austin,,,,,
Virginia College-Birmingham,,,,,
Virginia College-Huntsville,,,,,
Virginia College-Jackson,,,,,
Virginia College-Mobile,,,,,
Virginia College-Pensacola,,,,,
Virginia Highlands Community College,,,,,
Voorhees College,,,,,
Valdosta State University,,,,,
Valencia Community College - East,,,,,
Valencia Community College - West,,,,,
Valencia Community College Admin,,,,,
Valley City State University,,,,,
Valparaiso University,,,,,
Vanderbilt University,,,,,
Vanguard University Of South California,,,,,
Vassar College,,,,,
Vaughn College,,,,,
Ventura College,,,,,
Vermont Technical College,,,,,
Victor Valley College,,,,,
Victoria College,,,,,
Villa Julie College,,,,,
Villanova University,,,,,
Vincennes University,,,,,
Virginia Commonwealth University,,,,,
Virginia Military Institute,,,,,
Virginia Polytech Institute/St University,,,,,
Virginia State University,,,,,
Virginia Wesleyan College,,,,,
Virginia Western Community College,,,,,
Viterbo University,,,,,
Volunteer State Community College,,,,,
Wabash College,,,,,
Waldorf College,,,,,
Walla Walla Community College,,,,,
Warren Wilson College,,,,,
Washington State Community College,,,,,
Washington State Univ-Spokane,,,,,
Washington State Univ-Tri-City,,,,,
Washington State Univ-Vancouve,,,,,
Wasington County Community College,,,,,
Wayne Community College,,,,,
Weatherford College,,,,,
Webber International University,,,,,
Wells College,,,,,
Wesley College,,,,,
Wesleyan College,,,,,
West Georgia Technical College,,,,,
West Shore Community College,,,,,
West Va University Institute Of Tech,,,,,
West Virginia Northern Community College,,,,,
West Virginia Univ-Parkersburg,,,,,
Western Dakota Technical Institute,,,,,
Western Nebraska Community College,,,,,
Western Oklahoma State College,,,,,
Western Piedmont Community College,,,,,
Western Seminary-Portland,,,,,
Western Texas College,,,,,
Western Wyoming Community College,,,,,
Westminster College,,,,,
Weston Jesuit School Of Theology,,,,,
Westwood Clg Of Tech-F Worth,,,,,
Westwood College-Anaheim,,,,,
Westwood College-Dallas,,,,,
Westwood College-Inland Empire,,,,,
Westwood College-Los Angeles,,,,,
Whatcom Community College,,,,,
Wheelock College,,,,,
White Mountains Community College,,,,,
Wichita Area Technical College,,,,,
Wilberforce University,,,,,
Wiley College,,,,,
Wilkes Community College,,,,,
William Jessup University,,,,,
William Penn University,,,,,
Williams Baptist College,,,,,
Williamsburg Technical College,,,,,
Williston State College,,,,,
Wilson College,,,,,
Wilson Technical Cmty College,,,,,
Wisconsin Lutheran College,,,,,
Wright State University-Lake Campus,,,,,
Wagner College,,,,,
Wake Forest University,,,,,
Walden University,,,,,
Walla Walla University,,,,,
Wallace Community College-Dothan,,,,,
Walsh College-Troy,,,,,
Walsh University,,,,,
Walters State Community College,,,,,
Warner Pacific College,,,,,
Warner Southern College,,,,,
Warren County Community College,,,,,
Wartburg College,,,,,
Washburn University,,,,,
Washington & Jefferson College,,,,,
Washington College,,,,,
Washington State University,,,,,
Washington University In St. Louis,,,,,
Washington And Lee University,,,,,
Washtenaw Community College,,,,,
Waubonsee Community College,,,,,
Waukesha County Tech College,,,,,
Waycross College,,,,,
Wayland Baptist University-Plainview,,,,,
Wayne County Community College-Downtown,,,,,
Wayne State College,,,,,
Wayne State University,,,,,
Waynesburg College,,,,,
Weber State University,,,,,
Webster University,,,,,
Wellesley College,,,,,
Wentworth Institute Of Technology,,,,,
Wesley College,,,,,
Wesleyan University,,,,,
West Central Tech College-Murphy,,,,,
West Chester University Of Penn,,,,,
West Hills Ctmy College-Coalinga,,,,,
West Kentucky Community/Tech College,,,,,
West Liberty University,,,,,
West Los Angeles College,,,,,
West Texas A&M University,,,,,
West Valley College,,,,,
West Virginia State University,,,,,
West Virginia University,,,,,
West Virginia Wesleyan College,,,,,
Western Carolina University,,,,,
Western Connecticut State University,,,,,
Western Illinois University,,,,,
Western International University,,,,,
Western Iowa Tech Community College,,,,,
Western Kentucky University,,,,,
Western Michigan University,,,,,
Western Nevada Community College,,,,,
Western New England College,,,,,
Western New Mexico University,,,,,
Western Oregon University,,,,,
Western State College,,,,,
Western Tech College-La Crosse,,,,,
Western Washington University,,,,,
Westfield State University,,,,,
Westminster College,,,,,
Westminster College,,,,,
Westmont College,,,,,
Westmoreland Co Community College,,,,,
Wharton County Junior College,,,,,
Wheaton College,,,,,
Wheaton College,,,,,
Whittier College,,,,,
Whitworth University,,,,,
Wichita State University,,,,,
Widener University,,,,,
Wilkes University,,,,,
Willamette University,,,,,
William Carey University-Hattiesburg,,,,,
William Jewell College,,,,,
William Paterson University,,,,,
William Rainey Harper College,,,,,
William Woods University,,,,,
Williams College,,,,,
Wilmington College,,,,,
Wilmington University,,,,,
Windward Community College,,,,,
Wingate University,,,,,
Winona State University,,,,,
Winthrop University,,,,,
Wisconsin Indianhead Tech Admin Off,,,,,
Wittenberg University,,,,,
Wofford College,,,,,
Woodbury University-Burbank,,,,,
Wor Wic Community College,,,,,
Worcester Polytechnic Institute,,,,,
Worcester State College,,,,,
Wright State University,,,,,
Xavier University Of Louisiana,,,,,
Xavier University,,,,,
York College,,,,,
York County Community College,,,,,
Young Harris College,,,,,
Yale University,,,,,
Yavapai College,,,,,
Yeshiva University,,,,,
York College Of Penn,,,,,
Youngstown State University,,,,,
Yuba College,,,,,
Zane State College,,,,,
Zarem Golde Ort Technical Institute,,,,,